transformer_id,location,transformer_type,day_of_week,hour_of_day,temperature_forecast,planned_maintenance,temperature_actual,energy_consumption_previous,energy_consumption
T01,Zone A,Residential,1,0,22.483570765056164,0,22.34530646388498,38.881198819530795,75.04757556229673
T01,Zone A,Residential,1,1,21.39520646100069,0,22.405721745807217,75.04757556229673,71.7098455283974
T01,Zone A,Residential,1,2,22.712800217929825,0,22.249382525117362,71.7098455283974,70.16517648332234
T01,Zone A,Residential,1,3,6.937254936531993,0,7.887624618928895,70.16517648332234,-76.18790941238315
T01,Zone A,Residential,1,4,21.571236662976368,0,20.663212587455156,-76.18790941238315,49.570607367875105
T01,Zone A,Residential,1,5,16.852625195378746,0,17.450345662291355,49.570607367875105,21.781543000287634
T01,Zone A,Residential,1,6,20.55461294854933,0,19.40361937112703,21.781543000287634,45.914683802998645
T01,Zone A,Residential,1,7,16.99873074947044,0,17.94617057051708,45.914683802998645,26.45317264402381
T01,Zone A,Residential,1,8,29.261390922544688,0,29.247893697806756,26.45317264402381,137.19038233328806
T01,Zone A,Residential,1,9,18.852747730840218,0,19.242096644096343,137.19038233328806,43.465284415987206
T01,Zone A,Residential,1,10,10.201649380601122,1,8.873463331702691,43.465284415987206,-65.28106050362746
T01,Zone A,Residential,1,11,21.093191580269313,0,21.974952619217923,-65.28106050362746,69.17128478023803
T01,Zone A,Residential,1,12,18.494481522053555,0,17.01595953168613,69.17128478023803,16.560374274887742
T01,Zone A,Residential,1,13,13.26660951319327,0,12.386018247146163,16.560374274887742,-24.5193976815644
T01,Zone A,Residential,1,14,18.074588597918417,0,17.39766659761246,-24.5193976815644,27.03504742032894
T01,Zone A,Residential,1,15,22.910613973565198,0,23.798362433158555,27.03504742032894,83.78753671547237
T01,Zone A,Residential,1,16,18.453938120743928,0,18.78520155214749,83.78753671547237,42.72974115708671
T01,Zone A,Residential,1,17,19.111339393646723,0,18.700956084960424,42.72974115708671,41.07218996157523
T01,Zone A,Residential,1,18,26.781200142854114,0,26.70919002127378,41.07218996157523,122.10956470219793
T01,Zone A,Residential,1,19,24.864817668778937,0,25.66041313267488,122.10956470219793,106.42500113119902
T01,Zone A,Residential,1,20,27.82321827907003,0,25.203473174980285,106.42500113119902,106.14424427167897
T01,Zone A,Residential,1,21,12.906247707042986,0,13.948739324382407,106.14424427167897,-11.610966195363487
T01,Zone A,Residential,1,22,21.78556285755873,0,23.263456902300245,-11.610966195363487,80.04321793163422
T01,Zone A,Residential,1,23,18.939192891441866,0,18.512324097402143,80.04321793163422,39.7002515625318
T01,Zone A,Residential,2,0,21.643755548298422,0,21.113995344531382,39.7002515625318,63.7062906108806
T01,Zone A,Residential,2,1,26.859310667748883,0,27.034863961703714,63.7062906108806,116.83837414765037
T01,Zone A,Residential,2,2,18.361689267011158,0,17.969581113879002,116.83837414765037,22.378236398129427
T01,Zone A,Residential,2,3,6.724119762182649,0,7.069637706071416,22.378236398129427,-81.01719552191969
T01,Zone A,Residential,2,4,15.988613653891905,0,15.827327942225896,-81.01719552191969,10.293533706331651
T01,Zone A,Residential,2,5,15.284715957663689,1,16.688674696322984,10.293533706331651,2.2928908867346323
T01,Zone A,Residential,2,6,19.867430622753915,0,19.92766083269494,2.2928908867346323,61.592818889375835
T01,Zone A,Residential,2,7,22.388770497167634,0,22.129741852428744,61.592818889375835,71.12385967576122
T01,Zone A,Residential,2,8,14.156609811902339,0,15.29943262641736,71.12385967576122,6.753991427607472
T01,Zone A,Residential,2,9,15.99086078325153,0,17.374876502184208,6.753991427607472,26.683050490843428
T01,Zone A,Residential,2,10,30.952278129049894,0,29.961741803919207,26.683050490843428,146.78592939117823
T01,Zone A,Residential,2,11,28.53302476839231,0,29.40661418402769,146.78592939117823,136.31282468494624
T01,Zone A,Residential,2,12,20.342814874030136,0,19.28051116030403,136.31282468494624,45.17307375621621
T01,Zone A,Residential,2,13,23.102741079808677,0,22.941803702945613,45.17307375621621,75.50177056777494
T01,Zone A,Residential,2,14,18.38969241897162,0,19.20320963634129,75.50177056777494,35.877774781243104
T01,Zone A,Residential,2,15,26.819432622085525,0,29.358595338354856,35.877774781243104,144.8853673547907
T01,Zone A,Residential,2,16,23.90911435888655,0,22.67216364800847,144.8853673547907,70.11935341466332
T01,Zone A,Residential,2,17,23.088204227555725,0,24.305275024535835,70.11935341466332,94.51811261185175
T01,Zone A,Residential,2,18,16.42824290986816,0,18.294017421012917,94.51811261185175,35.30933881468811
T01,Zone A,Residential,2,19,23.672505324400227,0,22.718008062438805,35.30933881468811,82.97305851942508
T01,Zone A,Residential,2,20,15.896588408241447,0,16.85996453748577,82.97305851942508,20.663550009540185
T01,Zone A,Residential,2,21,15.661794550103128,0,15.807656402531437,20.663550009540185,3.6289918771867526
T01,Zone A,Residential,2,22,15.920948575172808,0,15.843846865758705,3.6289918771867526,10.14422853167027
T01,Zone A,Residential,2,23,26.04690985343317,0,26.584869857125167,10.14422853167027,114.5254144050619
T01,Zone A,Residential,3,0,33.600845832948096,0,34.226513180713106,114.5254144050619,187.97934402504967
T01,Zone A,Residential,3,1,20.209900322350116,0,20.0726285052523,187.97934402504967,49.608971125893746
T01,Zone A,Residential,3,2,23.57000247046046,1,24.043240095034005,49.608971125893746,85.06825638705568
T01,Zone A,Residential,3,3,17.737688838276654,0,18.51473863318026,85.06825638705568,32.91481157146751
T01,Zone A,Residential,3,4,24.28199397161736,0,24.496087715747564,32.91481157146751,88.7321832639157
T01,Zone A,Residential,3,5,23.150374693005038,0,24.913312165308266,88.7321832639157,99.42416524531266
T01,Zone A,Residential,3,6,14.285148510846884,0,14.642935871195167,99.42416524531266,-0.7667186562071566
T01,Zone A,Residential,3,7,15.204959517866106,0,16.58696412203805,-0.7667186562071566,18.444817556423807
T01,Zone A,Residential,3,8,22.568929754561044,0,23.08397744086709,18.444817556423807,100.10343186194451
T01,Zone A,Residential,3,9,26.654406639860426,0,27.642609250364536,100.10343186194451,124.84974628044364
T01,Zone A,Residential,3,10,23.794846102466337,0,23.022020887928765,124.84974628044364,79.0361158455876
T01,Zone A,Residential,3,11,19.801819289801905,0,19.267156547951842,79.0361158455876,46.102866431390986
T01,Zone A,Residential,3,12,11.936420644051742,0,11.464488778262309,46.102866431390986,-29.91035923254008
T01,Zone A,Residential,3,13,27.801900705664394,0,27.930451705735475,-29.91035923254008,125.65268389876907
T01,Zone A,Residential,3,14,21.082292947909874,0,21.12786478781369,125.65268389876907,58.0206461401078
T01,Zone A,Residential,3,15,26.81717745475852,1,27.645943432363396,58.0206461401078,111.33372139034591
T01,Zone A,Residential,3,16,20.93227157384714,0,20.270485109078752,111.33372139034591,56.96701776476864
T01,Zone A,Residential,3,17,16.140904611216225,0,17.80220634182438,56.96701776476864,25.647336862439023
T01,Zone A,Residential,3,18,16.73335383713144,0,18.498808077412537,25.647336862439023,37.012989328930146
T01,Zone A,Residential,3,19,21.886481327302047,0,23.537832313781536,37.012989328930146,77.78147330804529
T01,Zone A,Residential,3,20,17.578829635668743,0,18.845740784855366,77.78147330804529,34.91906052045975
T01,Zone A,Residential,3,21,18.813040193966653,0,20.68504587443896,34.91906052045975,40.644122044044224
T01,Zone A,Residential,3,22,14.878061793328552,0,14.625493641935392,40.644122044044224,-9.983979490470322
T01,Zone A,Residential,3,23,27.715338259295418,0,29.038602066446654,-9.983979490470322,147.59238710979713
T01,Zone A,Residential,4,0,12.820689244102804,0,13.983852996257763,147.59238710979713,-10.110304732324433
T01,Zone A,Residential,4,1,18.987712370842246,0,19.048608977959407,-10.110304732324433,41.05367650585031
T01,Zone A,Residential,4,2,23.310653372605234,0,24.896670188750587,41.05367650585031,92.77762439337164
T01,Zone A,Residential,4,3,23.434242563829855,0,23.505214979469603,92.77762439337164,86.45710913337119
T01,Zone A,Residential,4,4,16.88650240089703,0,16.678380150539756,86.45710913337119,14.318796832103391
T01,Zone A,Residential,4,5,16.888814175468603,0,16.533325534552244,14.318796832103391,19.83125472268869
T01,Zone A,Residential,4,6,21.536497604383047,0,22.34935972322201,19.83125472268869,76.64174144183815
T01,Zone A,Residential,4,7,22.758685052325372,0,22.04855709439789,76.64174144183815,70.38106297415816
T01,Zone A,Residential,4,8,20.58663691654391,0,21.864301812332336,70.38106297415816,65.6851611791442
T01,Zone A,Residential,4,9,27.76429887919663,0,27.324781003722354,65.6851611791442,129.77520407299517
T01,Zone A,Residential,4,10,20.105019208163796,0,20.78697217945876,129.77520407299517,56.31838801162033
T01,Zone A,Residential,4,11,18.644797688557286,1,18.031703005648907,56.31838801162033,25.802009881452665
T01,Zone A,Residential,4,12,22.97578512718457,0,22.157564443951095,25.802009881452665,82.03758081793825
T01,Zone A,Residential,4,13,26.024614608892872,0,24.82795413967935,82.03758081793825,101.40014048205427
T01,Zone A,Residential,4,14,23.1417275463214,0,23.129480773474484,101.40014048205427,76.80853587731568
T01,Zone A,Residential,4,15,9.549911256848603,0,11.320342773415321,76.80853587731568,-40.92405824980935
T01,Zone A,Residential,4,16,18.393070791735035,0,18.80600224601066,-40.92405824980935,35.24139969608673
T01,Zone A,Residential,4,17,17.8334829654872,0,18.037305693014666,35.24139969608673,28.017865402055047
T01,Zone A,Residential,4,18,21.16024968678818,0,19.712165345290856,28.017865402055047,40.084334581025786
T01,Zone A,Residential,4,19,16.678862783477886,0,18.03897414972606,40.084334581025786,31.944279325250612
T01,Zone A,Residential,4,20,27.376781084747762,0,28.23444070794978,31.944279325250612,131.54471442968065
T01,Zone A,Residential,4,21,18.48837878961846,0,18.483815960628164,131.54471442968065,36.45175240797208
T01,Zone A,Residential,4,22,15.863845282238385,1,16.383191796479558,36.45175240797208,16.49561252980847
T01,Zone A,Residential,4,23,12.771950137639587,0,11.927813224121847,16.49561252980847,-29.601405349729443
T01,Zone A,Residential,5,0,20.062962003908975,1,20.160638102457806,-29.601405349729443,42.74133210530073
T01,Zone A,Residential,5,1,31.378806487836016,0,31.785033172885946,42.74133210530073,178.61624401641723
T01,Zone A,Residential,5,2,16.163262185559752,0,17.035582822280432,178.61624401641723,21.27253825149608
T01,Zone A,Residential,5,3,19.44534032185245,0,20.42164944833355,21.27253825149608,50.01788527243162
T01,Zone A,Residential,5,4,17.00303677277989,0,14.879141048470082,50.01788527243162,-3.837364623702986
T01,Zone A,Residential,5,5,10.436467414678905,0,10.798943873484207,-3.837364623702986,-46.50263462189972
T01,Zone A,Residential,5,6,22.459595857532527,0,21.139362650511885,-46.50263462189972,70.55092033439061
T01,Zone A,Residential,5,7,19.63194442104047,0,19.349723232053258,70.55092033439061,34.93155967507819
T01,Zone A,Residential,5,8,26.769361870827062,0,26.654822025574443,34.93155967507819,122.73730181561174
T01,Zone A,Residential,5,9,19.45685667955572,0,19.401371721258048,122.73730181561174,44.039935711171395
T01,Zone A,Residential,5,10,20.23490296882371,0,19.784837497344466,44.039935711171395,50.96262463518215
T01,Zone A,Residential,5,11,13.157049422290715,0,13.69254123226592,50.96262463518215,-20.745158531018905
T01,Zone A,Residential,5,12,26.388384109492545,0,26.720698121472136,-20.745158531018905,113.4645485319386
T01,Zone A,Residential,5,13,20.574307341069478,0,22.12557019580245,113.4645485319386,81.55944158243443
T01,Zone A,Residential,5,14,28.77670421221602,0,28.527740063736946,81.55944158243443,140.13525539214123
T01,Zone A,Residential,5,15,27.445225869422394,0,28.32305103790251,140.13525539214123,138.52263281327302
T01,Zone A,Residential,5,16,11.206302567884428,0,10.023044055218653,138.52263281327302,-59.96572033661397
T01,Zone A,Residential,5,17,21.000672095867113,0,18.829806267736704,-59.96572033661397,46.44114040522349
T01,Zone A,Residential,5,18,13.099492708925542,0,11.396110269570388,46.44114040522349,-36.316635798779224
T01,Zone A,Residential,5,19,19.969004301630637,0,20.372123628716214,-36.316635798779224,47.19888878463787
T01,Zone A,Residential,5,20,23.348362744150194,0,23.714960990247043,47.19888878463787,82.45021097083365
T01,Zone A,Residential,5,21,23.736840158059007,0,23.446147850027963,82.45021097083365,79.53284826860191
T01,Zone A,Residential,5,22,22.520232577589223,0,21.98997495921678,79.53284826860191,65.93538543085609
T01,Zone A,Residential,5,23,12.82955565383738,0,12.638022829924086,65.93538543085609,-13.796146036177198
T01,Zone A,Residential,6,0,20.176317759858645,0,19.47659225186606,-13.796146036177198,45.835822072331695
T01,Zone A,Residential,6,1,24.25677132300255,0,23.636407600467,45.835822072331695,83.71157026661734
T01,Zone A,Residential,6,2,17.1209087967766,0,16.845857099624958,83.71157026661734,6.948965172571652
T01,Zone A,Residential,6,3,16.867379086557282,0,14.675249030315303,6.948965172571652,-0.36472488156813654
T01,Zone A,Residential,6,4,21.556250772717682,0,24.63513158117292,-0.36472488156813654,101.9491903689021
T01,Zone A,Residential,6,5,27.61893705096904,0,25.16218999410556,101.9491903689021,97.84014621463409
T01,Zone A,Residential,6,6,12.88873145201163,0,12.242158567769103,97.84014621463409,-32.98615434038095
T01,Zone A,Residential,6,7,21.09111366265548,0,22.001677785026562,-32.98615434038095,69.97691464368252
T01,Zone A,Residential,6,8,27.39972069445013,0,27.47708900209775,69.97691464368252,120.46446901433617
T01,Zone A,Residential,6,9,17.797477205632376,0,19.379515388596154,120.46446901433617,39.41706261903775
T01,Zone A,Residential,6,10,13.08600134517832,0,14.012178892709962,39.41706261903775,-0.33112787054973225
T01,Zone A,Residential,6,11,20.138454658081063,0,20.26582013661822,-0.33112787054973225,49.40498852057307
T01,Zone A,Residential,6,12,17.56437308117652,0,16.97197915693765,49.40498852057307,15.399837720977416
T01,Zone A,Residential,6,13,7.4862023916889235,1,8.170844593244093,15.399837720977416,-74.48629430189112
T01,Zone A,Residential,6,14,15.462181689792011,0,14.885410359223679,-74.48629430189112,2.6310597213655624
T01,Zone A,Residential,6,15,22.641583048151883,0,22.84908653331102,2.6310597213655624,70.14383892750335
T01,Zone A,Residential,6,16,22.716800961899676,0,22.054177202953827,70.14383892750335,73.39476537250407
T01,Zone A,Residential,6,17,21.398786748933546,0,18.657831904473845,73.39476537250407,37.87693155334586
T01,Zone A,Residential,6,18,15.478416874477958,0,16.117009333255332,37.87693155334586,2.862493021208522
T01,Zone A,Residential,6,19,33.91888711744525,0,32.30788150749003,2.862493021208522,168.77674824848054
T01,Zone A,Residential,6,20,18.077222278850872,0,19.08351508806531,168.77674824848054,37.95069153303737
T01,Zone A,Residential,6,21,25.531645524142213,0,26.30328367344355,37.95069153303737,100.67461423379903
T01,Zone A,Residential,6,22,16.015523722647615,0,16.592595849828154,100.67461423379903,14.910731568066575
T01,Zone A,Residential,6,23,20.84864642195187,0,20.93804034109752,14.910731568066575,59.81335234833969
T01,Zone A,Residential,7,0,19.221613823039604,0,20.38939588469941,59.81335234833969,55.166063063500175
T01,Zone A,Residential,7,1,17.027419736378754,0,17.615748254839396,55.166063063500175,28.12974326028544
T01,Zone A,Residential,7,2,17.895077595898684,0,18.1848524527951,28.12974326028544,42.22552852117818
T01,Zone A,Residential,7,3,18.64898340661231,0,19.596600344273718,42.22552852117818,35.7753807668479
T01,Zone A,Residential,7,4,14.95956844541298,0,13.088776524387125,35.7753807668479,-20.869802176335284
T01,Zone A,Residential,7,5,12.098740316282365,0,12.114793734926296,-20.869802176335284,-24.705034744819592
T01,Zone A,Residential,7,6,8.944323454960575,0,9.17993801306914,-24.705034744819592,-54.346293899873764
T01,Zone A,Residential,7,7,20.825971900602884,0,21.394908575072524,-54.346293899873764,65.6415677881973
T01,Zone A,Residential,7,8,17.923560430495993,0,18.556342296602278,65.6415677881973,46.916887255044756
T01,Zone A,Residential,7,9,17.563024880394263,0,17.96684543907357,46.916887255044756,33.82013347345693
T01,Zone A,Residential,7,10,15.719580870455664,0,15.791147107675057,33.82013347345693,5.52318384292499
T01,Zone A,Residential,7,11,18.262366331135226,0,19.091505015720493,5.52318384292499,39.56567548073807
T01,Zone A,Residential,7,12,15.106181421088463,0,14.661888161012351,39.56567548073807,-1.49461592465223
T01,Zone A,Residential,7,13,24.81925159357681,0,25.792809041096934,-1.49461592465223,109.99526492708783
T01,Zone A,Residential,7,14,29.38397906279033,0,28.61018986368676,109.99526492708783,129.87862512031052
T01,Zone A,Residential,7,15,20.852971017904316,0,21.68853641625422,129.87862512031052,70.15719244431249
T01,Zone A,Residential,7,16,19.722076645447725,0,20.002045271767546,70.15719244431249,44.39300748118358
T01,Zone A,Residential,7,17,18.985768901649237,0,19.032684336599495,44.39300748118358,40.87381733901941
T01,Zone A,Residential,7,18,23.62883311949346,0,24.109842351230174,40.87381733901941,92.2178436336974
T01,Zone A,Residential,7,19,21.25121966286824,0,20.111465234711535,92.2178436336974,59.08058548031233
T01,Zone A,Residential,7,20,17.443921617844076,1,16.454316797585495,59.08058548031233,8.914233375356709
T01,Zone A,Residential,7,21,32.693455508687435,0,33.21740817579523,8.914233375356709,181.38404226505733
T01,Zone A,Residential,7,22,17.8655946502629,0,16.85349027500273,181.38404226505733,10.26061939069846
T01,Zone A,Residential,7,23,18.850602142768068,0,19.47874215624874,10.26061939069846,43.108498066036745
T02,Zone B,Industrial,1,0,28.345107626446964,0,28.08551627508336,34.96857046881894,130.82189547767743
T02,Zone B,Industrial,1,1,13.404274773990275,0,14.20871388410114,130.82189547767743,-8.698930625810853
T02,Zone B,Industrial,1,2,29.244780474726724,0,30.37134550427448,-8.698930625810853,148.62749419001784
T02,Zone B,Industrial,1,3,22.583346543240616,1,21.78423597241535,148.62749419001784,62.019681433905
T02,Zone B,Industrial,1,4,32.8667990162493,0,32.92601745026379,62.019681433905,175.34745597646554
T02,Zone B,Industrial,1,5,23.371402343733877,0,23.256558324250854,175.34745597646554,83.34076636048613
T02,Zone B,Industrial,1,6,19.836233648920008,0,19.292808877786243,83.34076636048613,49.871000123063865
T02,Zone B,Industrial,1,7,6.703243214753137,0,4.624866559834194,49.871000123063865,-109.9545347900959
T02,Zone B,Industrial,1,8,18.286562029598258,0,17.915121163602468,-109.9545347900959,28.401821802212368
T02,Zone B,Industrial,1,9,22.638823804658305,0,23.472047682279047,28.401821802212368,78.08778174224167
T02,Zone B,Industrial,1,10,24.678391965737305,0,25.949947060731464,78.08778174224167,105.97712009001698
T02,Zone B,Industrial,1,11,16.35842425026057,0,16.457170027897902,105.97712009001698,13.919974549042982
T02,Zone B,Industrial,1,12,13.889360955540273,0,14.60235938571266,13.919974549042982,0.09291339774462593
T02,Zone B,Industrial,1,13,15.297931127160489,0,15.532583132315574,0.09291339774462593,6.589608860845173
T02,Zone B,Industrial,1,14,14.594683362000513,0,15.210618968944777,6.589608860845173,-6.242706170894227
T02,Zone B,Industrial,1,15,28.823434671313592,0,27.58193344036447,-6.242706170894227,121.73780735837046
T02,Zone B,Industrial,1,16,12.216854132380481,0,12.82286408372612,121.73780735837046,-15.537885480090868
T02,Zone B,Industrial,1,17,9.150611564795707,0,7.3971421485450435,-15.537885480090868,-78.75318968934411
T02,Zone B,Industrial,1,18,17.275404565955252,0,17.674540680307324,-78.75318968934411,31.604520253936915
T02,Zone B,Industrial,1,19,19.845208746817132,0,19.50949367393056,31.604520253936915,51.82515777662919
T02,Zone B,Industrial,1,20,21.539008844460295,0,19.828840451803668,51.82515777662919,45.174132002530264
T02,Zone B,Industrial,1,21,17.90928482995364,0,16.620837450196316,45.174132002530264,16.71246161323342
T02,Zone B,Industrial,1,22,20.979226275488408,0,20.000853497873376,16.71246161323342,60.03640520693352
T02,Zone B,Industrial,1,23,23.58795789896525,0,23.118810178770314,60.03640520693352,83.8227888508621
T02,Zone B,Industrial,2,0,21.28014867156938,0,22.26283965551489,83.8227888508621,67.60960709733207
T02,Zone B,Industrial,2,1,22.551481947911615,0,22.393380457841417,67.60960709733207,77.9667708179826
T02,Zone B,Industrial,2,2,16.875907111521606,0,16.90199816173244,77.9667708179826,17.279916185840204
T02,Zone B,Industrial,2,3,20.99279181448146,0,19.558426847322615,17.279916185840204,48.48937852255607
T02,Zone B,Industrial,2,4,15.383833769445479,0,14.032149163829146,48.48937852255607,-6.80867356570016
T02,Zone B,Industrial,2,5,11.232131410456565,0,13.313446067221708,-6.80867356570016,-18.388307520219215
T02,Zone B,Industrial,2,6,15.708211099093933,0,16.408520978502924,-18.388307520219215,17.123044106686034
T02,Zone B,Industrial,2,7,12.404100085069114,0,12.39876361423245,17.123044106686034,-29.30620798658228
T02,Zone B,Industrial,2,8,25.74636663142838,0,25.04319020630249,-29.30620798658228,101.3311291566652
T02,Zone B,Industrial,2,9,18.325738638119432,0,20.300765991750215,101.3311291566652,52.7713366543571
T02,Zone B,Industrial,2,10,23.538759677277376,0,22.976292901383108,52.7713366543571,74.32402433752226
T02,Zone B,Industrial,2,11,24.64741253672385,0,22.884545607852807,74.32402433752226,84.56613209161017
T02,Zone B,Industrial,2,12,19.62783285449977,0,20.248504952050446,84.56613209161017,57.80789291063796
T02,Zone B,Industrial,2,13,20.59802834443535,0,21.414726862148918,57.80789291063796,67.24057842003883
T02,Zone B,Industrial,2,14,24.16961077274452,0,24.628790851972955,67.24057842003883,88.65514921124081
T02,Zone B,Industrial,2,15,19.710475463311077,0,20.528960197949615,88.65514921124081,55.958840250726155
T02,Zone B,Industrial,2,16,14.594717297958688,0,15.647870151291592,55.958840250726155,12.124048700591633
T02,Zone B,Industrial,2,17,19.59792113145504,0,19.132470949050983,12.124048700591633,45.757296553355104
T02,Zone B,Industrial,2,18,20.480603884704916,0,20.018328595999872,45.757296553355104,44.97086158886303
T02,Zone B,Industrial,2,19,26.389634146190826,0,26.12860689294403,44.97086158886303,111.96099253353876
T02,Zone B,Industrial,2,20,27.234889421768663,0,27.43144419828024,111.96099253353876,128.65326710365684
T02,Zone B,Industrial,2,21,21.415161026976083,0,20.06569745555056,128.65326710365684,53.58449185979849
T02,Zone B,Industrial,2,22,20.41141994637712,0,21.47690032144247,53.58449185979849,70.884857967382
T02,Zone B,Industrial,2,23,16.582841049349383,0,16.07298347184941,70.884857967382,-1.6932231769349908
T02,Zone B,Industrial,3,0,17.77248739299614,0,19.225871870113842,-1.6932231769349908,37.895565564283366
T02,Zone B,Industrial,3,1,23.968289709901768,0,23.66792922181314,37.895565564283366,82.65535763482977
T02,Zone B,Industrial,3,2,14.97929616623966,0,14.211498601135531,82.65535763482977,-17.55340549418249
T02,Zone B,Industrial,3,3,13.963020841768127,0,12.89244276209096,-17.55340549418249,-17.662456196804673
T02,Zone B,Industrial,3,4,24.921611992382918,0,24.70762314815741,-17.662456196804673,108.62484525860503
T02,Zone B,Industrial,3,5,16.68051543226667,0,17.847618346650307,108.62484525860503,36.58172625544165
T02,Zone B,Industrial,3,6,16.81130007874342,0,16.280303123741604,36.58172625544165,15.579915321450576
T02,Zone B,Industrial,3,7,16.88564751788358,1,16.389678471557108,15.579915321450576,8.056210237444612
T02,Zone B,Industrial,3,8,27.102521239949276,0,26.5317749461998,8.056210237444612,117.03584240967409
T02,Zone B,Industrial,3,9,18.11723674488867,0,17.41202600855889,117.03584240967409,20.602159770956664
T02,Zone B,Industrial,3,10,27.737526006650306,0,29.533403679745827,20.602159770956664,143.52136167196147
T02,Zone B,Industrial,3,11,22.919001880781455,0,23.462500983570795,143.52136167196147,90.0430581052353
T02,Zone B,Industrial,3,12,19.11526386252975,0,18.316966617991298,90.0430581052353,37.590170362708875
T02,Zone B,Industrial,3,13,15.246581042973364,0,14.40567224492551,37.590170362708875,-5.984667923495142
T02,Zone B,Industrial,3,14,17.411943504819142,0,17.63573145645804,-5.984667923495142,8.953270420779972
T02,Zone B,Industrial,3,15,15.648883789282442,0,16.854511867235278,8.953270420779972,20.260793927437145
T02,Zone B,Industrial,3,16,23.40945744813156,0,25.256164773867592,20.260793927437145,103.76176142710116
T02,Zone B,Industrial,3,17,21.527771601886293,0,22.46076824453686,103.76176142710116,76.71610706492993
T02,Zone B,Industrial,3,18,24.102410905986822,0,24.60968493709412,76.71610706492993,101.1394534948341
T02,Zone B,Industrial,3,19,27.658444006204576,0,27.009252681300897,101.1394534948341,122.4953373500627
T02,Zone B,Industrial,3,20,19.164409598415727,0,19.31112328484905,122.4953373500627,39.66353124308866
T02,Zone B,Industrial,3,21,22.474777587807626,0,22.893030142593627,39.66353124308866,80.93236157212846
T02,Zone B,Industrial,3,22,20.955495340099517,0,21.001931888255665,80.93236157212846,63.7858402279449
T02,Zone B,Industrial,3,23,13.248757940285874,0,14.743891685803286,63.7858402279449,-1.492931019824595
T02,Zone B,Industrial,4,0,21.246918418553776,1,22.82437169831725,-1.492931019824595,79.28862670370484
T02,Zone B,Industrial,4,1,12.792528759681923,0,12.968074589572431,79.28862670370484,-18.276692362388555
T02,Zone B,Industrial,4,2,25.36815874929886,0,24.3416434498878,-18.276692362388555,84.36663999397447
T02,Zone B,Industrial,4,3,24.82507480531615,0,24.3449429376203,84.36663999397447,94.08844286303692
T02,Zone B,Industrial,4,4,17.205390763642058,0,17.58260263870658,94.08844286303692,25.17083435207081
T02,Zone B,Industrial,4,5,9.823798796872481,0,10.555922404205553,25.17083435207081,-39.040430956333644
T02,Zone B,Industrial,4,6,12.75993049791878,0,10.5611245412987,-39.040430956333644,-41.14557291340821
T02,Zone B,Industrial,4,7,24.936544496283126,0,26.058397685709974,-41.14557291340821,117.1366959805608
T02,Zone B,Industrial,4,8,23.251005889793305,0,23.151830026013922,117.1366959805608,75.38200135553494
T02,Zone B,Industrial,4,9,28.300684767241208,0,29.19857330600155,75.38200135553494,140.95289721785883
T02,Zone B,Industrial,4,10,13.74230287904778,0,15.18606748312104,140.95289721785883,4.3881838842678516
T02,Zone B,Industrial,4,11,19.85537557912565,0,20.12504493652272,4.3881838842678516,50.10016718724528
T02,Zone B,Industrial,4,12,22.84883640116102,0,23.296544961178334,50.10016718724528,78.24360572406808
T02,Zone B,Industrial,4,13,21.616228814544897,0,22.86543058203243,78.24360572406808,81.1113286554218
T02,Zone B,Industrial,4,14,16.61803848970365,0,18.418978922614468,81.1113286554218,30.485627186306164
T02,Zone B,Industrial,4,15,19.928554843050154,0,18.337150195553868,30.485627186306164,36.195007268219456
T02,Zone B,Industrial,4,16,17.769082833926102,0,15.879542102980572,36.195007268219456,7.930246636321134
T02,Zone B,Industrial,4,17,16.55920154949864,0,19.031481011771298,7.930246636321134,37.83547922767656
T02,Zone B,Industrial,4,18,23.92900079325416,0,24.354458355039124,37.83547922767656,93.4236986649006
T02,Zone B,Industrial,4,19,17.144976401802133,1,16.88165449918817,93.4236986649006,11.80009748201609
T02,Zone B,Industrial,4,20,19.981987304547157,0,18.823622615354616,11.80009748201609,40.860670046865906
T02,Zone B,Industrial,4,21,28.908125452126836,0,28.031806784152653,40.860670046865906,130.5063690073662
T02,Zone B,Industrial,4,22,14.991899950525422,0,14.710799657639468,130.5063690073662,2.052410262939774
T02,Zone B,Industrial,4,23,23.116549033273017,0,22.623086216909,2.052410262939774,74.00594556222072
T02,Zone B,Industrial,5,0,26.99677718293001,0,27.92141086584278,74.00594556222072,138.27400927910216
T02,Zone B,Industrial,5,1,21.789628643458844,0,22.182891794842522,138.27400927910216,75.23614335021165
T02,Zone B,Industrial,5,2,25.247763576596675,0,24.712528365036107,75.23614335021165,97.69795048143838
T02,Zone B,Industrial,5,3,24.750727354994158,0,24.55277422842583,97.69795048143838,102.11413341791422
T02,Zone B,Industrial,5,4,28.679819015826247,0,28.877729799288893,102.11413341791422,133.61941675853814
T02,Zone B,Industrial,5,5,17.3535088122689,0,17.972195360116803,133.61941675853814,35.368575788865535
T02,Zone B,Industrial,5,6,28.637715850503557,0,29.07403952017759,35.368575788865535,135.10125909926936
T02,Zone B,Industrial,5,7,22.82138694013368,0,22.319131223939557,135.10125909926936,74.24928709129753
T02,Zone B,Industrial,5,8,18.713117312883274,0,17.044533239005684,74.24928709129753,25.109727811699948
T02,Zone B,Industrial,5,9,24.365792743095746,0,22.50146121478665,25.109727811699948,70.50660841768865
T02,Zone B,Industrial,5,10,21.12225909279986,0,22.169357395412018,70.50660841768865,71.16661432693355
T02,Zone B,Industrial,5,11,28.904146064833213,0,27.27119378429123,71.16661432693355,119.84809572016968
T02,Zone B,Industrial,5,12,27.38270174862948,0,28.762793102776932,119.84809572016968,139.63605855522667
T02,Zone B,Industrial,5,13,16.57194859459096,0,16.895748722196906,139.63605855522667,17.50003732700161
T02,Zone B,Industrial,5,14,22.71800077297216,0,22.347386440886055,17.50003732700161,62.30173219728954
T02,Zone B,Industrial,5,15,21.175999144273504,0,20.020431096167787,62.30173219728954,51.8004276726556
T02,Zone B,Industrial,5,16,13.526592621395471,0,14.68741940877399,51.8004276726556,-10.905299164709568
T02,Zone B,Industrial,5,17,18.638020147500956,0,16.54286262482097,-10.905299164709568,16.699495709440708
T02,Zone B,Industrial,5,18,12.217090506701245,0,11.788975345735333,16.699495709440708,-36.3021839982361
T02,Zone B,Industrial,5,19,22.603322102671044,0,23.450401112656078,-36.3021839982361,90.61651570099518
T02,Zone B,Industrial,5,20,21.909677261157768,0,22.339718908348836,90.61651570099518,71.88064677380862
T02,Zone B,Industrial,5,21,21.89863093470062,0,21.57175015502097,71.88064677380862,62.96276097788254
T02,Zone B,Industrial,5,22,23.6381477181849,0,23.6900936039922,62.96276097788254,86.24635617607323
T02,Zone B,Industrial,5,23,14.825225677339336,0,14.635231290156957,86.24635617607323,-1.405735630351117
T02,Zone B,Industrial,6,0,24.58163837351241,0,24.9281268494104,-1.405735630351117,88.77667418684442
T02,Zone B,Industrial,6,1,34.68876423583887,0,33.81763047180135,88.77667418684442,190.1932548347839
T02,Zone B,Industrial,6,2,25.540914083687582,0,24.50100815656205,190.1932548347839,96.39292732859515
T02,Zone B,Industrial,6,3,16.746432313274553,0,17.819519658684868,96.39292732859515,27.375392188839076
T02,Zone B,Industrial,6,4,24.35033865344377,0,24.846020541416376,27.375392188839076,98.30576723630587
T02,Zone B,Industrial,6,5,30.017036335910525,0,30.980001865024654,98.30576723630587,161.33812242750182
T02,Zone B,Industrial,6,6,25.52762966478992,0,26.7146599703503,161.33812242750182,111.69863421202973
T02,Zone B,Industrial,6,7,28.15562926140936,0,27.384000938992482,111.69863421202973,125.32315098830571
T02,Zone B,Industrial,6,8,19.679308267035037,0,20.008070677338516,125.32315098830571,51.78370686888445
T02,Zone B,Industrial,6,9,27.17590774595026,0,27.740310733843526,51.78370686888445,129.18086048680703
T02,Zone B,Industrial,6,10,25.947352444623203,0,24.71974462948621,129.18086048680703,100.80477766378749
T02,Zone B,Industrial,6,11,23.176984661074485,0,24.46674118944986,100.80477766378749,93.36041226972299
T02,Zone B,Industrial,6,12,19.13464087858065,0,19.15021992616212,93.36041226972299,35.11208634443931
T02,Zone B,Industrial,6,13,11.781296422059711,0,10.896132923059863,35.11208634443931,-33.27586169195315
T02,Zone B,Industrial,6,14,16.805191261552487,0,15.48210146814499,-33.27586169195315,5.669483643209993
T02,Zone B,Industrial,6,15,16.49942063397496,0,17.589085498991423,5.669483643209993,33.560745594162064
T02,Zone B,Industrial,6,16,24.90882743495797,0,24.583996051449347,33.560745594162064,93.56873913872715
T02,Zone B,Industrial,6,17,19.900323023770948,0,18.743578798719,93.56873913872715,29.77180872587827
T02,Zone B,Industrial,6,18,25.112852160048202,0,27.552604566387476,29.77180872587827,128.92591104145853
T02,Zone B,Industrial,6,19,22.87734333747215,0,22.62465764947119,128.92591104145853,78.20699914321624
T02,Zone B,Industrial,6,20,16.23017705566662,0,15.949501978799844,78.20699914321624,5.142156706689663
T02,Zone B,Industrial,6,21,15.078638123537482,0,16.04953885547179,5.142156706689663,7.408155492422422
T02,Zone B,Industrial,6,22,24.591583030011563,0,23.021082426388386,7.408155492422422,77.1942064377753
T02,Zone B,Industrial,6,23,12.065941422024554,0,11.931673318667045,77.1942064377753,-31.479386203813103
T02,Zone B,Industrial,7,0,20.5268775307298,0,19.192852035811594,-31.479386203813103,42.730901393110166
T02,Zone B,Industrial,7,1,15.313859755830887,0,16.71127445889126,42.730901393110166,16.73702375486252
T02,Zone B,Industrial,7,2,20.626122513239537,1,20.196716972114285,16.73702375486252,52.9979366994958
T02,Zone B,Industrial,7,3,21.91985776273431,0,21.635915951851775,52.9979366994958,68.3651206001522
T02,Zone B,Industrial,7,4,12.986973641001534,0,14.736550384188472,68.3651206001522,-4.011112275642426
T02,Zone B,Industrial,7,5,23.75687993537973,0,24.50404515963931,-4.011112275642426,91.53629320206268
T02,Zone B,Industrial,7,6,18.52525160853986,0,19.772993681213595,91.53629320206268,48.92732412066544
T02,Zone B,Industrial,7,7,16.089911815461964,0,18.312607444597038,48.92732412066544,26.9369697255348
T02,Zone B,Industrial,7,8,23.168884404660492,0,23.58268350211199,26.9369697255348,91.94975720925062
T02,Zone B,Industrial,7,9,28.116982811495227,0,26.580034851468906,91.94975720925062,117.13910463651138
T02,Zone B,Industrial,7,10,19.558589758243727,1,22.138299095898045,117.13910463651138,68.4557000308794
T02,Zone B,Industrial,7,11,16.138479873367622,0,14.702861045154181,68.4557000308794,-12.536921674353316
T02,Zone B,Industrial,7,12,22.844915395926378,0,24.473312019054916,-12.536921674353316,89.22922377636573
T02,Zone B,Industrial,7,13,16.44350687619731,0,15.856942796634593,89.22922377636573,7.581751837861087
T02,Zone B,Industrial,7,14,21.16892955895374,0,19.61303391275011,7.581751837861087,48.44347080440663
T02,Zone B,Industrial,7,15,30.58927974812945,0,29.416676491268134,48.44347080440663,137.9994244062808
T02,Zone B,Industrial,7,16,28.362861934188516,0,28.78188094355456,137.9994244062808,138.3009780295131
T02,Zone B,Industrial,7,17,16.59556358980459,0,15.604871201166889,138.3009780295131,9.19577993610282
T02,Zone B,Industrial,7,18,19.4438696932565,0,18.539962051791708,9.19577993610282,41.969667891136574
T02,Zone B,Industrial,7,19,13.927282551367966,0,13.393373450051167,41.969667891136574,-23.101985630562922
T02,Zone B,Industrial,7,20,26.065488499895917,0,26.20720541353582,-23.101985630562922,108.32615793221255
T02,Zone B,Industrial,7,21,21.126713768445335,0,20.599244444831477,108.32615793221255,57.800827375433045
T02,Zone B,Industrial,7,22,23.54054338344295,0,24.497245700237535,57.800827375433045,89.61948531119734
T02,Zone B,Industrial,7,23,15.551269491067156,0,14.846981782875968,89.61948531119734,-2.7245859105733063
T03,Zone C,Residential,1,0,10.818973134483517,0,11.326964461396061,71.5574316320679,-42.38762048930154
T03,Zone C,Residential,1,1,24.181618614977758,0,24.212885492226434,-42.38762048930154,92.53800171500217
T03,Zone C,Residential,1,2,19.505551734044285,0,20.424628217032055,92.53800171500217,52.79490944937729
T03,Zone C,Residential,1,3,22.842205031280773,0,23.441799144562268,52.79490944937729,83.54319266214563
T03,Zone C,Residential,1,4,16.221274202535778,0,16.75778404610618,83.54319266214563,13.085500552106625
T03,Zone C,Residential,1,5,20.25267907797003,0,20.423176313010458,13.085500552106625,54.10662833637886
T03,Zone C,Residential,1,6,24.088831496001436,0,25.479039045018748,54.10662833637886,107.5794419819468
T03,Zone C,Residential,1,7,7.37140683198756,0,7.435363618898493,107.5794419819468,-78.69392482181149
T03,Zone C,Residential,1,8,19.06514348507277,1,19.12179340996988,-78.69392482181149,38.86639787148244
T03,Zone C,Residential,1,9,10.987955462528914,0,10.341425941336476,38.86639787148244,-51.28241755572901
T03,Zone C,Residential,1,10,19.279562221391924,0,18.069867478550815,-51.28241755572901,33.69831843548918
T03,Zone C,Residential,1,11,15.167414870325036,0,15.5846053347076,33.69831843548918,4.778838992424961
T03,Zone C,Residential,1,12,27.45363068424976,1,27.60229814145187,4.778838992424961,119.33755155892851
T03,Zone C,Residential,1,13,17.181754862868285,0,16.7708237065691,119.33755155892851,14.641223747986302
T03,Zone C,Residential,1,14,18.487651567559357,0,18.09947474901813,14.641223747986302,31.84682860205872
T03,Zone C,Residential,1,15,12.328506868077707,0,13.240942117336873,31.84682860205872,-30.36018450114105
T03,Zone C,Residential,1,16,24.67159955619637,0,23.30472085778095,-30.36018450114105,81.92338156834609
T03,Zone C,Residential,1,17,26.03904654230501,0,25.72239651304378,81.92338156834609,104.3414131268042
T03,Zone C,Residential,1,18,7.0447885392754515,0,6.498544091022969,104.3414131268042,-83.0555390627576
T03,Zone C,Residential,1,19,15.029468834789036,0,14.998529837633411,-83.0555390627576,5.968155884656571
T03,Zone C,Residential,1,20,19.20735213486515,0,19.18004759535522,5.968155884656571,37.134136158186216
T03,Zone C,Residential,1,21,25.841088609084323,0,24.978183270333826,37.134136158186216,92.92232698868149
T03,Zone C,Residential,1,22,11.932193010616295,0,13.403363338109903,92.92232698868149,-17.012985004660294
T03,Zone C,Residential,1,23,25.71163227269176,0,24.590809907171373,-17.012985004660294,99.29772842841008
T03,Zone C,Residential,2,0,17.560442959271487,0,19.717751172536992,99.29772842841008,44.14893711035323
T03,Zone C,Residential,2,1,21.382718334463334,0,22.182217587967482,44.14893711035323,71.98219662500367
T03,Zone C,Residential,2,2,16.232910648269083,0,16.6928827912082,71.98219662500367,13.540251063321454
T03,Zone C,Residential,2,3,18.855085692548766,0,18.94512853020205,13.540251063321454,37.624677545459974
T03,Zone C,Residential,2,4,20.923401529324543,0,19.576275239794846,37.624677545459974,40.904682205395204
T03,Zone C,Residential,2,5,23.4013268964774,0,24.55914173850141,40.904682205395204,101.51993815832908
T03,Zone C,Residential,2,6,23.594766553325336,0,24.590814239131152,101.51993815832908,92.12416694846421
T03,Zone C,Residential,2,7,13.737054938172522,0,13.234592451261905,92.12416694846421,-11.013104778135661
T03,Zone C,Residential,2,8,22.7811500470033,0,23.237037819084907,-11.013104778135661,93.19538991535448
T03,Zone C,Residential,2,9,27.278093450405585,0,29.077365025424584,93.19538991535448,143.465130649494
T03,Zone C,Residential,2,10,25.36253668654901,0,24.997583957006125,143.465130649494,95.77979123336623
T03,Zone C,Residential,2,11,17.02611872722169,0,15.744821053744834,95.77979123336623,17.729246187149958
T03,Zone C,Residential,2,12,14.483958171391585,0,14.262704547805813,17.729246187149958,-8.757021021386482
T03,Zone C,Residential,2,13,13.297234099980859,0,14.210234320255159,-8.757021021386482,-8.733265366380463
T03,Zone C,Residential,2,14,21.412899752441497,0,21.16420862625795,-8.733265366380463,69.67881414267946
T03,Zone C,Residential,2,15,24.442994401654374,0,25.177443435142028,69.67881414267946,102.67954214493881
T03,Zone C,Residential,2,16,13.515840260220767,0,13.915528211973408,102.67954214493881,-14.101502349225063
T03,Zone C,Residential,2,17,20.152394251328325,0,18.66045810485695,-14.101502349225063,38.14874611156432
T03,Zone C,Residential,2,18,28.51107472317619,0,28.751827902664758,38.14874611156432,150.52669459754955
T03,Zone C,Residential,2,19,29.05687514332491,0,29.680424000226544,150.52669459754955,153.25300377267916
T03,Zone C,Residential,2,20,23.36590675634979,0,23.227450772366016,153.25300377267916,76.15301654221332
T03,Zone C,Residential,2,21,24.142272578475534,1,23.21555947598335,76.15301654221332,76.11047847340339
T03,Zone C,Residential,2,22,15.7473977289535,0,15.166874279148777,76.11047847340339,4.611634813590821
T03,Zone C,Residential,2,23,23.599186454356953,0,25.04569039030353,4.611634813590821,106.44006133626357
T03,Zone C,Residential,3,0,16.95108547840309,0,16.81706831173017,106.44006133626357,18.2441240909477
T03,Zone C,Residential,3,1,12.75071717259547,0,11.64440899136713,18.2441240909477,-29.94400329718985
T03,Zone C,Residential,3,2,18.135834239541165,0,19.862798090774568,-29.94400329718985,46.62979997967267
T03,Zone C,Residential,3,3,11.505754000981772,0,12.962949760938018,46.62979997967267,-27.998783963470295
T03,Zone C,Residential,3,4,26.31292051713591,0,25.761062371243465,-27.998783963470295,120.40162014077592
T03,Zone C,Residential,3,5,20.63224511411731,0,19.944307726653484,120.40162014077592,59.75059514971683
T03,Zone C,Residential,3,6,26.041831152965713,0,27.065893678777176,59.75059514971683,123.62157153377767
T03,Zone C,Residential,3,7,19.96478600537632,0,21.277194627118952,123.62157153377767,61.92102315856488
T03,Zone C,Residential,3,8,17.733859753363625,0,18.43024720082034,61.92102315856488,39.07899805105595
T03,Zone C,Residential,3,9,6.132185685432759,0,6.933122325062222,39.07899805105595,-84.25288835239182
T03,Zone C,Residential,3,10,10.6673169146347,0,10.584636228792,-84.25288835239182,-44.76237525399642
T03,Zone C,Residential,3,11,20.94923918106232,0,21.525997247255393,-44.76237525399642,71.36514095018069
T03,Zone C,Residential,3,12,22.91048851734308,0,22.68400441849325,71.36514095018069,72.04284800131508
T03,Zone C,Residential,3,13,25.993206859955258,0,24.0558445434788,72.04284800131508,88.11419832585662
T03,Zone C,Residential,3,14,14.401912833554944,0,14.542799080466148,88.11419832585662,-13.414206023152781
T03,Zone C,Residential,3,15,25.164819735764027,0,24.96987452733507,-13.414206023152781,102.26674580619927
T03,Zone C,Residential,3,16,17.336495801690443,0,16.166578965980154,102.26674580619927,-2.695521406606707
T03,Zone C,Residential,3,17,21.02843187480342,0,20.64997782295696,-2.695521406606707,64.80607430230894
T03,Zone C,Residential,3,18,17.714518717068643,0,17.112306656706863,64.80607430230894,23.466937847443752
T03,Zone C,Residential,3,19,21.976547312292418,0,21.40310949075018,23.466937847443752,63.53032452510203
T03,Zone C,Residential,3,20,18.98163124911517,0,18.10364866235861,63.53032452510203,26.902084853386786
T03,Zone C,Residential,3,21,15.798592846714355,0,14.875762656987522,26.902084853386786,6.221069414672829
T03,Zone C,Residential,3,22,18.644381994787157,0,18.62301470043872,6.221069414672829,32.494088608648084
T03,Zone C,Residential,3,23,20.50822143844755,0,19.377195046955606,32.494088608648084,47.456169955018225
T03,Zone C,Residential,4,0,18.593362214408934,0,18.660352931633806,47.456169955018225,39.18322540485856
T03,Zone C,Residential,4,1,19.45225354265398,0,18.848241267728852,39.18322540485856,42.45373607539766
T03,Zone C,Residential,4,2,13.728552884153753,0,14.022110816320383,42.45373607539766,-16.561800859913188
T03,Zone C,Residential,4,3,20.39996690279572,0,20.747873019120604,-16.561800859913188,53.8057723072158
T03,Zone C,Residential,4,4,15.948737814928094,0,16.14930701215904,53.8057723072158,17.23625686873396
T03,Zone C,Residential,4,5,18.522293799267253,0,18.674609312843877,17.23625686873396,32.60814202519517
T03,Zone C,Residential,4,6,20.430719415231874,0,19.35858040324627,32.60814202519517,28.979051614989647
T03,Zone C,Residential,4,7,17.758098904730588,0,19.76810819403059,28.979051614989647,50.77685324533188
T03,Zone C,Residential,4,8,30.287477348558493,0,30.308271056233902,50.77685324533188,149.44269585619335
T03,Zone C,Residential,4,9,16.763796810059766,0,16.70491500015704,149.44269585619335,13.819329105947727
T03,Zone C,Residential,4,10,16.00403996674873,0,15.5212964445667,13.819329105947727,0.44632140437343626
T03,Zone C,Residential,4,11,12.76935983719919,0,12.864353588555494,0.44632140437343626,-22.815520459022782
T03,Zone C,Residential,4,12,12.184045956516716,0,13.067155733663874,-22.815520459022782,-19.71762864842527
T03,Zone C,Residential,4,13,15.132766293002618,0,15.127368916641084,-19.71762864842527,-0.8580988146168838
T03,Zone C,Residential,4,14,25.742228545983775,0,25.85549895652154,-0.8580988146168838,101.36359967362857
T03,Zone C,Residential,4,15,21.812854075132424,0,23.1812760296051,101.36359967362857,79.57615081775725
T03,Zone C,Residential,4,16,26.405081808675565,0,26.47293731920297,79.57615081775725,118.9932415676408
T03,Zone C,Residential,4,17,24.912867318138886,0,25.569228187967436,118.9932415676408,104.01840521914167
T03,Zone C,Residential,4,18,17.981757683790015,0,17.02663510444066,104.01840521914167,22.38434637237392
T03,Zone C,Residential,4,19,16.32098042478585,0,16.52465250967895,22.38434637237392,15.367622380153302
T03,Zone C,Residential,4,20,27.061102777077146,1,26.98146138583143,15.367622380153302,117.07647283956297
T03,Zone C,Residential,4,21,25.743667414647195,0,27.176009445864697,117.07647283956297,120.82437313362422
T03,Zone C,Residential,4,22,24.928649978399314,0,26.116036029964064,120.82437313362422,124.10817850973372
T03,Zone C,Residential,4,23,15.97314086474828,0,16.56958320430895,124.10817850973372,16.538136924437588
T03,Zone C,Residential,5,0,26.5879876780398,0,25.581445112760157,16.538136924437588,111.5138439332468
T03,Zone C,Residential,5,1,19.17300490928244,0,20.47897482660963,111.5138439332468,61.27472099890184
T03,Zone C,Residential,5,2,19.88565968850559,0,18.88635745621068,61.27472099890184,36.3396999559657
T03,Zone C,Residential,5,3,17.17357611800459,0,16.76286745890217,36.3396999559657,25.705553036368922
T03,Zone C,Residential,5,4,18.3883976539433,0,19.605556174768797,25.705553036368922,53.662142007300226
T03,Zone C,Residential,5,5,19.48488399301392,1,20.710016341181795,53.662142007300226,47.581654108167314
T03,Zone C,Residential,5,6,21.621796408608017,0,20.442756617448214,47.581654108167314,60.36596311678996
T03,Zone C,Residential,5,7,17.989666277416646,0,18.513930955059816,60.36596311678996,39.49579603788438
T03,Zone C,Residential,5,8,13.270101598766257,0,13.39648117831267,39.49579603788438,-6.3405432215818855
T03,Zone C,Residential,5,9,25.14341305348196,0,23.826664206659903,-6.3405432215818855,90.01979256296681
T03,Zone C,Residential,5,10,22.445935650738317,0,23.08065711930009,90.01979256296681,86.35507040278199
T03,Zone C,Residential,5,11,21.363488967649673,0,22.01387075637094,86.35507040278199,69.47553883179656
T03,Zone C,Residential,5,12,15.127353476646793,0,16.234434145933765,69.47553883179656,11.742435639569658
T03,Zone C,Residential,5,13,21.2646840713254,0,21.201238007381257,11.742435639569658,59.335739144042954
T03,Zone C,Residential,5,14,19.547333588479198,0,19.87931391904821,59.335739144042954,49.745637589377445
T03,Zone C,Residential,5,15,17.823888835996858,0,18.574475689832635,49.745637589377445,39.438809302763865
T03,Zone C,Residential,5,16,23.076837420065267,0,22.14139871802067,39.438809302763865,76.84389776108186
T03,Zone C,Residential,5,17,23.296902930934756,0,22.910426213682783,76.84389776108186,80.94069870383453
T03,Zone C,Residential,5,18,29.190918383975614,0,28.96745240160376,80.94069870383453,137.92794003544662
T03,Zone C,Residential,5,19,10.573999739894415,0,10.277732296385533,137.92794003544662,-52.49108913187643
T03,Zone C,Residential,5,20,14.660985392104035,0,15.611292984077611,-52.49108913187643,14.665996703685737
T03,Zone C,Residential,5,21,23.671523377807485,0,23.02219206588709,14.665996703685737,80.5721814744368
T03,Zone C,Residential,5,22,25.809391513040953,0,24.88203837885038,80.5721814744368,100.01222870217771
T03,Zone C,Residential,5,23,21.325777636494436,0,21.96770817145599,100.01222870217771,70.62498979755361
T03,Zone C,Residential,6,0,25.005230462835705,0,22.301998169836466,70.62498979755361,76.40935829601919
T03,Zone C,Residential,6,1,27.370280262440403,0,27.01826718758693,76.40935829601919,119.49542930273083
T03,Zone C,Residential,6,2,24.764372736014693,0,26.376650994003338,119.49542930273083,120.34108220795362
T03,Zone C,Residential,6,3,14.927905614160002,0,15.710775857741348,120.34108220795362,5.8774461367637345
T03,Zone C,Residential,6,4,15.783767023419042,1,17.954709740916854,5.8774461367637345,23.66766834700686
T03,Zone C,Residential,6,5,27.395394867028802,0,28.006538521678344,23.66766834700686,126.9521384081112
T03,Zone C,Residential,6,6,20.973037276186215,0,20.230566690488168,126.9521384081112,45.70555434877815
T03,Zone C,Residential,6,7,18.899026864960213,0,16.83117213852422,45.70555434877815,10.788119515087189
T03,Zone C,Residential,6,8,23.80027981844801,0,23.882719571382516,10.788119515087189,81.53943821650051
T03,Zone C,Residential,6,9,25.42239791536535,0,24.844867821857797,81.53943821650051,89.07281587034925
T03,Zone C,Residential,6,10,20.575130395737087,0,20.414997600170448,89.07281587034925,57.50667638395681
T03,Zone C,Residential,6,11,15.568898281952972,0,15.837559708636745,57.50667638395681,13.75563277936044
T03,Zone C,Residential,6,12,20.10655824335971,1,22.00774892911272,13.75563277936044,64.77418522205409
T03,Zone C,Residential,6,13,18.00444073898625,0,17.35154396657469,64.77418522205409,14.499741284467158
T03,Zone C,Residential,6,14,12.079320284972551,0,12.346446935984035,14.499741284467158,-23.99190552400998
T03,Zone C,Residential,6,15,24.606238424551726,1,24.063866103112932,-23.99190552400998,83.22335577271213
T03,Zone C,Residential,6,16,20.733965059927748,0,22.346185688183173,83.22335577271213,77.94605346115938
T03,Zone C,Residential,6,17,15.838530584409138,0,13.629378965320438,77.94605346115938,-14.761861540934094
T03,Zone C,Residential,6,18,15.06410236424408,0,14.932845397151775,-14.761861540934094,-0.287286613688413
T03,Zone C,Residential,6,19,22.559620455146373,0,22.391312221184304,-0.287286613688413,68.46112682462882
T03,Zone C,Residential,6,20,27.05466189873135,0,26.956073766447087,68.46112682462882,119.65498577919512
T03,Zone C,Residential,6,21,21.033620236224973,0,21.79255883634692,119.65498577919512,64.86340149026701
T03,Zone C,Residential,6,22,21.80751762603051,0,20.66379141870985,64.86340149026701,57.1807127159811
T03,Zone C,Residential,6,23,11.514513075068741,0,10.868943646420266,57.1807127159811,-44.05418807450215
T03,Zone C,Residential,7,0,20.464224505705573,0,20.624080897702974,-44.05418807450215,51.10243327239995
T03,Zone C,Residential,7,1,24.277300043413224,0,25.564624433565363,51.10243327239995,102.41510778643462
T03,Zone C,Residential,7,2,28.87655446304756,0,27.682917631291083,102.41510778643462,131.42494718096083
T03,Zone C,Residential,7,3,18.671152067530084,0,20.10457448735525,131.42494718096083,52.48921301995179
T03,Zone C,Residential,7,4,21.301609193856102,0,21.167300452385554,52.48921301995179,65.72704588965445
T03,Zone C,Residential,7,5,10.821711835689815,0,11.992957625011359,65.72704588965445,-24.90769272817813
T03,Zone C,Residential,7,6,25.633525684137915,0,24.542559253922718,-24.90769272817813,93.37152109945426
T03,Zone C,Residential,7,7,15.17797872694154,0,14.747822091349702,93.37152109945426,4.029764644095067
T03,Zone C,Residential,7,8,26.97841905394978,0,26.416251027371477,4.029764644095067,113.11640090499212
T03,Zone C,Residential,7,9,25.55151180991382,0,24.368105621647288,113.11640090499212,87.50931185707327
T03,Zone C,Residential,7,10,17.037678704235528,0,17.011272947276602,87.50931185707327,21.513535266864054
T03,Zone C,Residential,7,11,19.770149960414273,0,18.62348524589337,21.513535266864054,38.9662736989522
T03,Zone C,Residential,7,12,20.032111349054688,0,19.59572545852812,38.9662736989522,45.40920556565203
T03,Zone C,Residential,7,13,14.509272609845766,0,14.1474612706132,45.40920556565203,-9.81936760720352
T03,Zone C,Residential,7,14,27.993235852523583,0,28.55415530046482,-9.81936760720352,134.06415141450242
T03,Zone C,Residential,7,15,19.532829645415003,0,19.76181207047608,134.06415141450242,53.483743892693994
T03,Zone C,Residential,7,16,21.84821096099047,0,21.74090881698624,53.483743892693994,69.6476727989138
T03,Zone C,Residential,7,17,22.6447896819626,0,20.605828404957183,69.6476727989138,64.72085904699729
T03,Zone C,Residential,7,18,31.15650073096316,0,31.79455183240392,64.72085904699729,170.44974069876147
T03,Zone C,Residential,7,19,14.682989967145247,0,13.809580333057438,170.44974069876147,-12.744915762349564
T03,Zone C,Residential,7,20,17.639547111514364,0,15.660247301138577,-12.744915762349564,10.342024291973438
T03,Zone C,Residential,7,21,19.140685067683542,0,18.03252053649274,10.342024291973438,17.67376775119575
T03,Zone C,Residential,7,22,18.569978890599447,0,19.670938525598018,17.67376775119575,56.50112252708315
T03,Zone C,Residential,7,23,17.760427601565077,0,16.48459551499514,56.50112252708315,28.06767188503656
T04,Zone D,Commercial,1,0,12.485148358024233,0,12.738888019518807,54.676931717654334,-24.41993514899599
T04,Zone D,Commercial,1,1,21.400606944847247,0,20.73512153015703,-24.41993514899599,61.717062455037635
T04,Zone D,Commercial,1,2,21.885501969510933,0,21.856239155825953,61.717062455037635,69.83875849532735
T04,Zone D,Commercial,1,3,25.229483577479346,0,23.781427205438657,69.83875849532735,83.60055910431187
T04,Zone D,Commercial,1,4,17.02169352978254,0,18.396131622953355,83.60055910431187,47.54104909109796
T04,Zone D,Commercial,1,5,18.651407342213318,0,19.845363602201594,47.54104909109796,46.76914689409848
T04,Zone D,Commercial,1,6,22.778022330017244,0,22.867603011272493,46.76914689409848,84.50506020876686
T04,Zone D,Commercial,1,7,18.977725101573878,0,18.842470776180186,84.50506020876686,43.44254056271828
T04,Zone D,Commercial,1,8,23.279503882648804,0,23.47424007736758,43.44254056271828,94.52771897638401
T04,Zone D,Commercial,1,9,18.79292794789897,0,19.744888311408772,94.52771897638401,52.95466192532415
T04,Zone D,Commercial,1,10,15.141716327293569,0,13.762098162504639,52.95466192532415,-16.850767938330623
T04,Zone D,Commercial,1,11,16.580202491004513,0,16.044589152579103,-16.850767938330623,14.728977048919422
T04,Zone D,Commercial,1,12,23.625478934239986,0,24.141657221354944,14.728977048919422,93.52347126903986
T04,Zone D,Commercial,1,13,17.030799188766807,0,17.72790204467508,93.52347126903986,33.19128957977732
T04,Zone D,Commercial,1,14,21.757241037707914,0,22.82739127602434,33.19128957977732,74.17270611299989
T04,Zone D,Commercial,1,15,19.87986070959698,0,18.239594070371663,74.17270611299989,24.23314868875616
T04,Zone D,Commercial,1,16,16.037900395000193,0,15.729938865361152,24.23314868875616,7.450342589662298
T04,Zone D,Commercial,1,17,23.0430372117837,0,22.57976825612287,7.450342589662298,74.70046350300437
T04,Zone D,Commercial,1,18,23.296228342162024,0,24.233798479788582,74.70046350300437,91.53116293283817
T04,Zone D,Commercial,1,19,16.45213853523388,0,15.454108698054158,91.53116293283817,0.7239302797915541
T04,Zone D,Commercial,1,20,24.147374209658743,0,23.95354807088594,0.7239302797915541,81.83151549670508
T04,Zone D,Commercial,1,21,19.337416602290517,0,19.416312698889026,81.83151549670508,44.2788206043811
T04,Zone D,Commercial,1,22,26.803292979193255,0,25.49447258007414,44.2788206043811,104.98454721397808
T04,Zone D,Commercial,1,23,25.018547619053386,0,27.206036448427593,104.98454721397808,115.60854206156176
T04,Zone D,Commercial,2,0,21.048297076373128,0,20.55666089074108,115.60854206156176,59.78347201819611
T04,Zone D,Commercial,2,1,22.797245379975188,0,23.033827130851385,59.78347201819611,87.18681519836275
T04,Zone D,Commercial,2,2,21.962079835893835,0,21.453116210186337,87.18681519836275,55.36445627933121
T04,Zone D,Commercial,2,3,19.8595806720351,0,20.19481935910505,55.36445627933121,47.210732916181634
T04,Zone D,Commercial,2,4,15.887900338088997,0,17.00893100541347,47.210732916181634,16.95835989302686
T04,Zone D,Commercial,2,5,20.076894906860527,0,21.031991286302002,16.95835989302686,55.15556672008475
T04,Zone D,Commercial,2,6,24.125491323338174,0,23.258361107627273,55.15556672008475,81.21873407667356
T04,Zone D,Commercial,2,7,16.112304800775114,0,16.840989597992028,81.21873407667356,15.968910993759044
T04,Zone D,Commercial,2,8,21.312806645009626,0,21.506396556377172,15.968910993759044,63.93266120790296
T04,Zone D,Commercial,2,9,23.780266610393234,0,23.714719003612228,63.93266120790296,97.05564906812242
T04,Zone D,Commercial,2,10,27.113740680499703,0,28.039956082741295,97.05564906812242,133.010779233653
T04,Zone D,Commercial,2,11,15.917980069494792,0,16.109487008287523,133.010779233653,11.436723229426537
T04,Zone D,Commercial,2,12,20.443287954807186,0,20.640603662212783,11.436723229426537,57.422551339973204
T04,Zone D,Commercial,2,13,18.576584821637084,0,18.13847499739349,57.422551339973204,32.083634822766086
T04,Zone D,Commercial,2,14,20.002639794282988,0,20.603846543212104,32.083634822766086,48.83105512407215
T04,Zone D,Commercial,2,15,18.95273717175462,0,17.54817291468498,48.83105512407215,18.399240971452457
T04,Zone D,Commercial,2,16,17.733757954884933,0,19.186225489355678,18.399240971452457,39.87894409444719
T04,Zone D,Commercial,2,17,22.412620244142957,0,22.042029721070506,39.87894409444719,80.93932767134211
T04,Zone D,Commercial,2,18,23.352403086206063,0,22.280545853165908,80.93932767134211,69.09542785337086
T04,Zone D,Commercial,2,19,17.910182480806775,0,19.184774356100288,69.09542785337086,45.898055081266335
T04,Zone D,Commercial,2,20,14.05294053566336,0,15.695613488919324,45.898055081266335,7.917599779902724
T04,Zone D,Commercial,2,21,19.258885612041148,0,18.380402775493078,7.917599779902724,26.741348937825762
T04,Zone D,Commercial,2,22,20.204595876978605,0,19.20240842119713,26.741348937825762,34.39748876080403
T04,Zone D,Commercial,2,23,14.330922024565584,0,14.112886146367364,34.39748876080403,-22.065181037625855
T04,Zone D,Commercial,3,0,32.063077108064576,0,32.8476813959626,-22.065181037625855,181.1671225605351
T04,Zone D,Commercial,3,1,19.79159598805053,0,21.80950395188377,181.1671225605351,69.1766239266802
T04,Zone D,Commercial,3,2,23.57690657720622,0,24.295092302914153,69.1766239266802,91.76244740569334
T04,Zone D,Commercial,3,3,20.961173820976153,0,21.942027270113627,91.76244740569334,65.7091251001781
T04,Zone D,Commercial,3,4,13.804464621730496,0,12.336939355978055,65.7091251001781,-21.68726059342944
T04,Zone D,Commercial,3,5,13.242771175540144,0,13.912991072817482,-21.68726059342944,-7.485257335127492
T04,Zone D,Commercial,3,6,11.995480107617421,0,11.166983082837175,-7.485257335127492,-42.04584049546816
T04,Zone D,Commercial,3,7,16.01498598208909,0,17.68646887327118,-42.04584049546816,26.32689307341727
T04,Zone D,Commercial,3,8,20.10443244147981,1,20.335133347198493,26.32689307341727,47.32269551784506
T04,Zone D,Commercial,3,9,16.749916656647734,0,16.087785811180137,47.32269551784506,7.888816179374569
T04,Zone D,Commercial,3,10,26.408218975018844,0,26.965910035743967,7.888816179374569,121.28763714650567
T04,Zone D,Commercial,3,11,18.152072355414315,0,16.853945470359683,121.28763714650567,26.429988743154404
T04,Zone D,Commercial,3,12,15.94571244394831,0,14.688134585033694,26.429988743154404,-4.433548168566448
T04,Zone D,Commercial,3,13,10.821443629794897,0,11.15150863060752,-4.433548168566448,-35.38528203194577
T04,Zone D,Commercial,3,14,15.824285491849885,0,17.913824213544657,-35.38528203194577,29.327551710491324
T04,Zone D,Commercial,3,15,22.92286313974784,0,22.926666215871027,29.327551710491324,71.13506538890235
T04,Zone D,Commercial,3,16,19.049804824992528,0,18.6923594021821,71.13506538890235,47.86184339457108
T04,Zone D,Commercial,3,17,10.527634655815177,0,9.963934480757276,47.86184339457108,-50.77582320989111
T04,Zone D,Commercial,3,18,12.880214237749275,0,12.61356190851486,-50.77582320989111,-21.625072176092427
T04,Zone D,Commercial,3,19,21.85547025656961,0,21.903431702551156,-21.625072176092427,70.69353634180415
T04,Zone D,Commercial,3,20,30.121548116434262,0,28.75837411184145,70.69353634180415,138.39746319264648
T04,Zone D,Commercial,3,21,20.20689526292924,0,20.75560353091427,138.39746319264648,54.65030508189263
T04,Zone D,Commercial,3,22,22.12943603096518,0,22.148583808380934,54.65030508189263,71.06138899129758
T04,Zone D,Commercial,3,23,13.783380357969506,0,12.821891988313968,71.06138899129758,-17.62681849546349
T04,Zone D,Commercial,4,0,15.217818115909957,0,15.690224393790334,-17.62681849546349,6.870486154038999
T04,Zone D,Commercial,4,1,27.81127565975211,0,28.429764040208585,6.870486154038999,133.2602527886665
T04,Zone D,Commercial,4,2,13.747961330151412,0,14.352476656506779,133.2602527886665,-4.127374343190043
T04,Zone D,Commercial,4,3,23.570517498600463,0,23.416691471402096,-4.127374343190043,79.80226633032314
T04,Zone D,Commercial,4,4,30.49860894583258,0,30.251583245086582,79.80226633032314,148.72587133827244
T04,Zone D,Commercial,4,5,12.168251335179537,0,10.82413686481635,148.72587133827244,-49.774933685916245
T04,Zone D,Commercial,4,6,10.66730024319692,0,11.674813933033843,-49.774933685916245,-31.219473283469476
T04,Zone D,Commercial,4,7,12.101922462970617,0,13.480632209233967,-31.219473283469476,-21.417834098751115
T04,Zone D,Commercial,4,8,20.071365339182172,0,19.11742591978553,-21.417834098751115,42.24377853886269
T04,Zone D,Commercial,4,9,19.05293164509225,0,17.512684013061175,42.24377853886269,35.04377130487031
T04,Zone D,Commercial,4,10,28.08606287484312,0,28.19041881236633,35.04377130487031,135.80055756063413
T04,Zone D,Commercial,4,11,18.54712448451319,0,19.958175385572414,135.80055756063413,47.554703817655245
T04,Zone D,Commercial,4,12,12.744121549742205,0,12.732032601896151,47.554703817655245,-25.433279959516046
T04,Zone D,Commercial,4,13,14.868901806274863,0,14.502670266956601,-25.433279959516046,-2.7538961793468153
T04,Zone D,Commercial,4,14,6.97893071686433,0,7.177878863660824,-2.7538961793468153,-80.61404757347232
T04,Zone D,Commercial,4,15,24.78863826831005,0,25.82568555704998,-80.61404757347232,111.95980991101503
T04,Zone D,Commercial,4,16,11.107062079967417,0,11.426713905886395,111.95980991101503,-32.28167693923469
T04,Zone D,Commercial,4,17,7.208158083714489,0,6.4766446798181585,-32.28167693923469,-90.34953075840991
T04,Zone D,Commercial,4,18,23.396866414782515,0,22.24807237962386,-90.34953075840991,71.22207038627609
T04,Zone D,Commercial,4,19,25.668117359295245,0,24.60582020412887,71.22207038627609,90.06678511255294
T04,Zone D,Commercial,4,20,17.677978688453063,0,18.140039581704958,90.06678511255294,38.69905519223928
T04,Zone D,Commercial,4,21,11.399487245260909,0,10.80106130991735,38.69905519223928,-40.846504263237016
T04,Zone D,Commercial,4,22,15.847777967217173,0,16.37029207248293,-40.846504263237016,16.54532185120228
T04,Zone D,Commercial,4,23,20.526546604395435,0,18.938082063977877,16.54532185120228,43.3454949072443
T04,Zone D,Commercial,5,0,18.08014364023824,0,18.330343846489935,43.3454949072443,21.757519808475024
T04,Zone D,Commercial,5,1,20.785268027007252,0,21.867210086748102,21.757519808475024,73.64976321289643
T04,Zone D,Commercial,5,2,21.15035379595701,0,21.648096885048403,73.64976321289643,64.36780104687624
T04,Zone D,Commercial,5,3,23.382990083079235,0,22.847030937669945,64.36780104687624,81.17043053478406
T04,Zone D,Commercial,5,4,22.19750615310113,0,22.976442656613244,81.17043053478406,82.9324842690116
T04,Zone D,Commercial,5,5,20.439844105264154,0,18.048569674240007,82.9324842690116,30.111317051367617
T04,Zone D,Commercial,5,6,23.47768878782889,0,24.326790898572032,30.111317051367617,92.96646402876225
T04,Zone D,Commercial,5,7,22.273975848211904,0,23.04810730983127,92.96646402876225,75.4738877157873
T04,Zone D,Commercial,5,8,22.50332860690605,0,22.553102294087008,75.4738877157873,84.62713885736869
T04,Zone D,Commercial,5,9,20.199681986073454,0,19.96173843872638,84.62713885736869,50.96250472795145
T04,Zone D,Commercial,5,10,9.233285400643778,0,10.330438112397474,50.96250472795145,-52.28132551040782
T04,Zone D,Commercial,5,11,14.939525571012116,0,15.316099586151239,-52.28132551040782,7.210285069697522
T04,Zone D,Commercial,5,12,23.417846616002386,0,22.05189090480185,7.210285069697522,70.86764329222376
T04,Zone D,Commercial,5,13,16.801177362779335,0,15.79870543117344,70.86764329222376,2.478088322134929
T04,Zone D,Commercial,5,14,12.388204068910545,0,13.50089244390047,2.478088322134929,-18.417106550292328
T04,Zone D,Commercial,5,15,19.2422227249501,0,18.53856817538359,-18.417106550292328,40.04558052863376
T04,Zone D,Commercial,5,16,14.417377800256705,0,15.653189420263644,40.04558052863376,9.237178020099625
T04,Zone D,Commercial,5,17,19.232578605220716,0,20.61983601627331,9.237178020099625,61.931479745542745
T04,Zone D,Commercial,5,18,18.20115677105457,0,16.875109084972532,61.931479745542745,17.279766490757538
T04,Zone D,Commercial,5,19,17.359815010735225,1,16.85273939521172,17.279766490757538,5.185136192561968
T04,Zone D,Commercial,5,20,20.163984977057932,0,19.405489642357864,5.185136192561968,51.62288629684253
T04,Zone D,Commercial,5,21,16.933195937408584,0,16.290438634460028,51.62288629684253,21.41199169670395
T04,Zone D,Commercial,5,22,12.517353724549604,0,11.867329790142707,21.41199169670395,-40.063967522048266
T04,Zone D,Commercial,5,23,19.359791468626945,1,20.30823781848848,-40.063967522048266,41.65260431631066
T04,Zone D,Commercial,6,0,16.391312233313734,0,16.568133105453132,41.65260431631066,15.264409678159854
T04,Zone D,Commercial,6,1,20.928462948705295,0,21.125790211300504,15.264409678159854,57.19426232841288
T04,Zone D,Commercial,6,2,13.502093815362013,0,14.331826233241188,57.19426232841288,-0.7321806813822853
T04,Zone D,Commercial,6,3,25.06837870271932,0,23.493399233286294,-0.7321806813822853,89.56430422192277
T04,Zone D,Commercial,6,4,25.08830733421751,0,25.35980264504316,89.56430422192277,102.52347467468121
T04,Zone D,Commercial,6,5,21.38396724662644,0,23.048284344751075,102.52347467468121,84.10646273698204
T04,Zone D,Commercial,6,6,18.85304627965986,0,18.809569329846,84.10646273698204,36.46010231551593
T04,Zone D,Commercial,6,7,11.882223809884334,0,11.772454306068191,36.46010231551593,-29.7880306527898
T04,Zone D,Commercial,6,8,22.823029629468003,1,21.803365290775886,-29.7880306527898,58.71169755318796
T04,Zone D,Commercial,6,9,19.2953604286119,0,19.611900755220532,58.71169755318796,47.06731193752242
T04,Zone D,Commercial,6,10,17.81617881380891,0,16.20960171307023,47.06731193752242,12.175054851261512
T04,Zone D,Commercial,6,11,19.566221247255278,0,21.13446100617493,12.175054851261512,67.79645067272266
T04,Zone D,Commercial,6,12,17.485126147243285,0,17.748613362574346,67.79645067272266,29.282048871703864
T04,Zone D,Commercial,6,13,22.839708715375657,0,22.141103879779603,29.282048871703864,67.0584532685576
T04,Zone D,Commercial,6,14,19.664108549753223,0,18.948348560642472,67.0584532685576,47.558369700980464
T04,Zone D,Commercial,6,15,24.98546877747267,0,25.39334555984799,47.558369700980464,106.19611278027732
T04,Zone D,Commercial,6,16,20.379776339580438,0,21.122458757940162,106.19611278027732,68.30968964430976
T04,Zone D,Commercial,6,17,23.406697515928045,0,23.561034202992456,68.30968964430976,94.17002800900971
T04,Zone D,Commercial,6,18,23.416644964055347,0,23.207331144475987,94.17002800900971,73.48434096571856
T04,Zone D,Commercial,6,19,21.424343217452087,0,22.234688232988397,73.48434096571856,70.99867420339966
T04,Zone D,Commercial,6,20,18.845668130776154,0,20.29892879409719,70.99867420339966,57.142837193452344
T04,Zone D,Commercial,6,21,14.913380461012977,0,13.298014009736251,57.142837193452344,-27.197514116726857
T04,Zone D,Commercial,6,22,17.2522143204571,0,18.111802207436902,-27.197514116726857,27.666088943675643
T04,Zone D,Commercial,6,23,20.02046503837728,0,20.81363440517038,27.666088943675643,58.05366530046567
T04,Zone D,Commercial,7,0,17.53438588800114,0,18.978017891469953,58.05366530046567,36.283987828273894
T04,Zone D,Commercial,7,1,17.538209630032433,0,18.080914028009158,36.283987828273894,25.614841331157173
T04,Zone D,Commercial,7,2,22.853064986097657,0,23.821249646630516,25.614841331157173,83.17342697261802
T04,Zone D,Commercial,7,3,14.41462928769127,0,14.514235044212711,83.17342697261802,-13.156427485263203
T04,Zone D,Commercial,7,4,13.244628168959894,0,11.922170212216324,-13.156427485263203,-34.11865113832562
T04,Zone D,Commercial,7,5,25.0276761298728,0,23.88213791187388,-34.11865113832562,82.004515995133
T04,Zone D,Commercial,7,6,18.85100184712403,0,17.99959541286372,82.004515995133,22.992584173044378
T04,Zone D,Commercial,7,7,20.07166029922078,0,20.489333997704566,22.992584173044378,59.12832541549295
T04,Zone D,Commercial,7,8,22.100472452259208,0,22.70732304547488,59.12832541549295,71.55811317739631
T04,Zone D,Commercial,7,9,21.795100762779693,0,20.807291928191674,71.55811317739631,60.74681201094179
T04,Zone D,Commercial,7,10,17.91316593197458,0,17.618076017736673,60.74681201094179,26.741284911489313
T04,Zone D,Commercial,7,11,28.72319586629341,0,28.442176219021825,26.741284911489313,136.54659277145598
T04,Zone D,Commercial,7,12,18.914914747878147,0,18.606431959422327,136.54659277145598,28.97619992329941
T04,Zone D,Commercial,7,13,22.999296499178225,0,22.853209677646547,28.97619992329941,75.56746411122536
T04,Zone D,Commercial,7,14,25.106916477146992,0,27.195359250016917,75.56746411122536,128.66209631487914
T04,Zone D,Commercial,7,15,8.346726182265503,0,9.4326528785883,128.66209631487914,-50.39737695746179
T04,Zone D,Commercial,7,16,6.821261304915611,0,6.824636811512772,-50.39737695746179,-79.00923766577749
T04,Zone D,Commercial,7,17,31.096006359808893,0,31.34784311043251,-79.00923766577749,158.8940076457323
T04,Zone D,Commercial,7,18,15.52326838818488,0,15.115167549024658,158.8940076457323,-1.2125816215016338
T04,Zone D,Commercial,7,19,13.577848127962001,0,13.445761122442859,-1.2125816215016338,-14.658614809061163
T04,Zone D,Commercial,7,20,18.501616759966065,0,18.45141214292432,-14.658614809061163,34.28562027375929
T04,Zone D,Commercial,7,21,16.17504025621936,0,18.203669180489236,34.28562027375929,36.82907444291613
T04,Zone D,Commercial,7,22,21.403182022450682,0,23.161802506645817,36.82907444291613,83.42523525119479
T04,Zone D,Commercial,7,23,21.691733334607953,0,19.605917475684663,83.42523525119479,45.12482677259463
T05,Zone E,Industrial,1,0,13.403764027006163,0,13.200783389610507,49.09875259008989,-12.875238195757925
T05,Zone E,Industrial,1,1,19.077076683773424,0,18.378881150681813,-12.875238195757925,33.57469460026026
T05,Zone E,Industrial,1,2,20.290113674041976,1,21.13854455624726,33.57469460026026,45.15099889254959
T05,Zone E,Industrial,1,3,20.957696497224152,0,20.39795402362867,45.15099889254959,59.97993501842102
T05,Zone E,Industrial,1,4,17.540487762468974,0,15.6639350564271,59.97993501842102,9.73790779410168
T05,Zone E,Industrial,1,5,13.728505685321242,0,12.257596928133644,9.73790779410168,-30.44775404135462
T05,Zone E,Industrial,1,6,8.972169714504654,0,9.869235911391787,-30.44775404135462,-44.93326567968853
T05,Zone E,Industrial,1,7,18.95522922387993,0,21.06536480596555,-44.93326567968853,63.64762000746506
T05,Zone E,Industrial,1,8,23.341702443590403,0,22.607528644811907,63.64762000746506,76.48526423018687
T05,Zone E,Industrial,1,9,26.98298445790632,0,27.3976324430111,76.48526423018687,124.39545756975782
T05,Zone E,Industrial,1,10,27.05229572601752,0,27.462058521977017,124.39545756975782,120.31514566890232
T05,Zone E,Industrial,1,11,16.396801640840252,0,16.925632942653273,120.31514566890232,20.73920715223654
T05,Zone E,Industrial,1,12,22.315923976337924,0,22.51321624196913,20.73920715223654,76.68870578690573
T05,Zone E,Industrial,1,13,23.920637954323503,0,24.231229213196205,76.68870578690573,87.14967261432434
T05,Zone E,Industrial,1,14,21.989635249734043,0,23.798941599467152,87.14967261432434,86.89918651770967
T05,Zone E,Industrial,1,15,16.848437603735093,0,15.840382126623144,86.89918651770967,6.551280773281294
T05,Zone E,Industrial,1,16,12.97216490410679,0,12.987783238056394,6.551280773281294,-15.61078175050282
T05,Zone E,Industrial,1,17,21.11133066224121,0,20.631993800800355,-15.61078175050282,58.873898450641526
T05,Zone E,Industrial,1,18,25.152902928120287,0,24.49506837426815,58.873898450641526,99.22330987801459
T05,Zone E,Industrial,1,19,20.491550961190512,0,20.43872295661574,99.22330987801459,48.509256538033156
T05,Zone E,Industrial,1,20,15.524650788616977,0,16.121879006870362,48.509256538033156,6.477050047582615
T05,Zone E,Industrial,1,21,12.370351406137022,0,12.98822620660159,6.477050047582615,-17.356238245586486
T05,Zone E,Industrial,1,22,23.128154668230003,0,22.43138284980043,-17.356238245586486,77.22396133342792
T05,Zone E,Industrial,1,23,15.25287836637118,0,16.687613346035523,77.22396133342792,18.624383696853695
T05,Zone E,Industrial,2,0,12.175986143189725,0,12.271330342631034,18.624383696853695,-28.603937654100914
T05,Zone E,Industrial,2,1,23.353704729751016,1,23.061444967849248,-28.603937654100914,77.28973982391307
T05,Zone E,Industrial,2,2,21.58077978591389,0,22.050047375722418,77.28973982391307,62.82261314118864
T05,Zone E,Industrial,2,3,25.80699393715703,0,24.99573681801984,62.82261314118864,94.8739525373159
T05,Zone E,Industrial,2,4,18.779597631628995,0,18.740290344001362,94.8739525373159,36.73041951800496
T05,Zone E,Industrial,2,5,10.9398054943519,0,11.580339085982933,36.73041951800496,-31.086259188640422
T05,Zone E,Industrial,2,6,26.64466659767705,0,27.031475118366252,-31.086259188640422,125.76965330959236
T05,Zone E,Industrial,2,7,24.833802313044735,0,25.16437570567017,125.76965330959236,102.36819622218616
T05,Zone E,Industrial,2,8,20.119515216424777,0,19.768100980711043,102.36819622218616,55.498076601270974
T05,Zone E,Industrial,2,9,13.229908207507979,0,12.676716024073093,55.498076601270974,-21.39459329431196
T05,Zone E,Industrial,2,10,9.49986746174188,0,10.125375478572916,-21.39459329431196,-44.320087799325876
T05,Zone E,Industrial,2,11,19.669283575631667,0,19.01619191428133,-44.320087799325876,34.867381207530286
T05,Zone E,Industrial,2,12,27.408317012312992,0,29.370904202843786,34.867381207530286,143.7275203876771
T05,Zone E,Industrial,2,13,13.44158624766608,0,14.309218331572216,143.7275203876771,-0.7534441185041585
T05,Zone E,Industrial,2,14,28.425071393542545,0,28.9879522537169,-0.7534441185041585,135.48045076965875
T05,Zone E,Industrial,2,15,24.76299197324453,0,25.236685109976758,135.48045076965875,110.13765320334146
T05,Zone E,Industrial,2,16,24.269879882761117,1,24.684745383123026,110.13765320334146,94.1638964818208
T05,Zone E,Industrial,2,17,15.09869411851245,0,18.16064108391867,94.1638964818208,32.813020513770596
T05,Zone E,Industrial,2,18,14.244929581902465,0,14.631252899714024,32.813020513770596,-4.709827107790367
T05,Zone E,Industrial,2,19,11.30467184447783,0,12.417577511858763,-4.709827107790367,-26.193962709454325
T05,Zone E,Industrial,2,20,17.741702619201888,0,17.936727603230015,-26.193962709454325,25.575865687862198
T05,Zone E,Industrial,2,21,21.65971278333432,0,22.45889160323972,25.575865687862198,77.73656395350626
T05,Zone E,Industrial,2,22,15.978421201700037,1,16.873776632462636,77.73656395350626,10.579877678799708
T05,Zone E,Industrial,2,23,21.44326965403742,0,21.518045921959388,10.579877678799708,62.59831100015601
T05,Zone E,Industrial,3,0,19.017667082859514,0,18.811807651979173,62.59831100015601,34.38518478709054
T05,Zone E,Industrial,3,1,16.701988657403835,0,15.997120203588343,34.38518478709054,7.515433300172913
T05,Zone E,Industrial,3,2,18.575622533151645,1,18.319442780656264,7.515433300172913,26.986940577208742
T05,Zone E,Industrial,3,3,11.488933669599943,0,11.026117983260432,26.986940577208742,-45.754824444341395
T05,Zone E,Industrial,3,4,14.789777938784486,0,14.30257501758956,-45.754824444341395,-8.73385641318695
T05,Zone E,Industrial,3,5,26.84627398710938,0,25.707706614059763,-8.73385641318695,110.05221346977545
T05,Zone E,Industrial,3,6,17.212884734458395,0,16.79988691231496,110.05221346977545,13.36537757891305
T05,Zone E,Industrial,3,7,10.409501997481037,0,10.259397775895533,13.36537757891305,-49.20417060330698
T05,Zone E,Industrial,3,8,21.50553669595871,0,21.689371212281216,-49.20417060330698,80.35888044271465
T05,Zone E,Industrial,3,9,12.86810538859296,0,13.64946761095547,80.35888044271465,-13.908322636929102
T05,Zone E,Industrial,3,10,15.834719714996208,0,16.750109990556368,-13.908322636929102,14.753398532586003
T05,Zone E,Industrial,3,11,14.070697264348984,0,11.748740847007173,14.753398532586003,-23.349806312532266
T05,Zone E,Industrial,3,12,24.070758810591332,0,24.55282553792672,-23.349806312532266,97.37192111585479
T05,Zone E,Industrial,3,13,26.11926599286864,1,26.256087822539936,97.37192111585479,106.16646125464558
T05,Zone E,Industrial,3,14,24.225789855921608,0,24.1768926724475,106.16646125464558,84.74297749045714
T05,Zone E,Industrial,3,15,3.3762214004445177,0,1.9072979367743241,84.74297749045714,-126.16977424696633
T05,Zone E,Industrial,3,16,18.16746489815974,0,16.46359331133302,-126.16977424696633,10.013603172682439
T05,Zone E,Industrial,3,17,17.542194207009576,0,17.887139208555862,10.013603172682439,38.39207503342365
T05,Zone E,Industrial,3,18,28.129794576810315,0,30.348574810258448,38.39207503342365,152.6905220505842
T05,Zone E,Industrial,3,19,9.516621507151022,0,10.380413331720684,152.6905220505842,-45.111988863980024
T05,Zone E,Industrial,3,20,14.513487361835779,0,13.924620535097082,-45.111988863980024,-14.940106804277676
T05,Zone E,Industrial,3,21,22.209930031975155,0,21.779544555578138,-14.940106804277676,62.271131590468784
T05,Zone E,Industrial,3,22,21.102707135069334,0,22.32066628737489,62.271131590468784,70.64068105118193
T05,Zone E,Industrial,3,23,20.58086542038275,0,19.735966966972278,70.64068105118193,44.70359819668479
T05,Zone E,Industrial,4,0,22.419383255940197,0,21.317091106103774,44.70359819668479,66.57770861325248
T05,Zone E,Industrial,4,1,18.196760439669042,0,18.735679624812775,66.57770861325248,40.0308829298573
T05,Zone E,Industrial,4,2,26.14490251244531,0,25.507594765416513,40.0308829298573,107.36788117192256
T05,Zone E,Industrial,4,3,16.427264957645647,0,16.16555988996742,107.36788117192256,6.973067025726209
T05,Zone E,Industrial,4,4,16.661102217655568,0,16.95329494598194,6.973067025726209,18.59630436778754
T05,Zone E,Industrial,4,5,27.955096528875586,0,27.74932793084592,18.59630436778754,113.75575509483302
T05,Zone E,Industrial,4,6,17.501349119241848,0,16.975101262724426,113.75575509483302,26.692701518286498
T05,Zone E,Industrial,4,7,17.003167530798404,0,15.893163958912478,26.692701518286498,12.772675672283464
T05,Zone E,Industrial,4,8,21.07698252728144,0,21.58525116695603,12.772675672283464,85.48370020174193
T05,Zone E,Industrial,4,9,20.281681434060605,0,19.76953570171247,85.48370020174193,46.25811942012293
T05,Zone E,Industrial,4,10,21.436644522015047,0,21.391132276713805,46.25811942012293,61.79014110014783
T05,Zone E,Industrial,4,11,21.245893358569486,0,20.35240012468188,61.79014110014783,51.44302922239251
T05,Zone E,Industrial,4,12,14.349653304798212,0,13.899640446802398,51.44302922239251,-4.717849447663161
T05,Zone E,Industrial,4,13,21.62507068128271,0,21.17882800706296,-4.717849447663161,65.21581876458063
T05,Zone E,Industrial,4,14,29.243044166482058,0,29.06748022098284,65.21581876458063,144.01807623361793
T05,Zone E,Industrial,4,15,27.669274705160873,0,27.807119210041655,144.01807623361793,127.09770561983316
T05,Zone E,Industrial,4,16,19.679059114457512,0,19.770811598905887,127.09770561983316,48.969317971192254
T05,Zone E,Industrial,4,17,23.475103475441117,0,22.012878735751276,48.969317971192254,74.47456031999724
T05,Zone E,Industrial,4,18,17.722302369880648,0,16.833061541652324,74.47456031999724,23.107118207712002
T05,Zone E,Industrial,4,19,24.956293290960442,0,25.99467094572559,23.107118207712002,106.92680632740976
T05,Zone E,Industrial,4,20,18.852256723198266,0,17.212772560672832,106.92680632740976,20.165370076423955
T05,Zone E,Industrial,4,21,17.657830758598166,0,16.5031360159653,20.165370076423955,16.6516453007608
T05,Zone E,Industrial,4,22,14.261543050921663,0,14.346752500555564,16.6516453007608,-21.48815484894798
T05,Zone E,Industrial,4,23,30.378187710829188,0,30.00591522654359,-21.48815484894798,152.3925071752663
T05,Zone E,Industrial,5,0,27.6050311357969,0,26.65611461497206,152.3925071752663,125.2979621392984
T05,Zone E,Industrial,5,1,18.649200038086683,0,19.243126772509328,125.2979621392984,38.30869691745491
T05,Zone E,Industrial,5,2,16.9570513838015,0,16.428073675737483,38.30869691745491,8.997948543573568
T05,Zone E,Industrial,5,3,21.146570642173234,0,22.859238355011804,8.997948543573568,69.03110867301916
T05,Zone E,Industrial,5,4,19.656829769572656,0,18.288514730739845,69.03110867301916,42.821527303552486
T05,Zone E,Industrial,5,5,20.61421719270099,0,19.605553191534163,42.821527303552486,52.37406530361498
T05,Zone E,Industrial,5,6,15.768420112671322,0,16.311899491341414,52.37406530361498,14.11804708200771
T05,Zone E,Industrial,5,7,29.547093261467467,0,30.356982583128584,14.11804708200771,145.29538865014436
T05,Zone E,Industrial,5,8,15.199768523602682,0,15.077059590006957,145.29538865014436,1.237457771452829
T05,Zone E,Industrial,5,9,14.859517960890349,1,14.762399759815207,1.237457771452829,0.2059678744199296
T05,Zone E,Industrial,5,10,23.010591601962417,0,23.082628463246163,0.2059678744199296,79.76523978295587
T05,Zone E,Industrial,5,11,11.278346403608712,0,11.860590881172472,79.76523978295587,-40.933128977662236
T05,Zone E,Industrial,5,12,15.69807494610249,0,15.284469412680846,-40.933128977662236,12.283132413509408
T05,Zone E,Industrial,5,13,12.91783185901903,0,13.571024969599339,12.283132413509408,-8.87629503457125
T05,Zone E,Industrial,5,14,17.64437674091061,0,17.550740552171437,-8.87629503457125,32.136388759425316
T05,Zone E,Industrial,5,15,25.7678171432993,0,25.249209164269004,32.136388759425316,94.89536126530584
T05,Zone E,Industrial,5,16,5.839222009447155,0,5.388063151038157,94.89536126530584,-93.36066449006384
T05,Zone E,Industrial,5,17,22.42223302639469,0,22.883899321106053,-93.36066449006384,69.49028471258343
T05,Zone E,Industrial,5,18,18.057396124084953,0,18.24782001401001,69.49028471258343,34.72429374652527
T05,Zone E,Industrial,5,19,19.8658407814547,0,19.35200216461193,34.72429374652527,45.78756520889162
T05,Zone E,Industrial,5,20,15.088529828726603,0,15.1475140503162,45.78756520889162,3.7095030071754924
T05,Zone E,Industrial,5,21,19.32599564246395,0,18.61943506363048,3.7095030071754924,39.24543148425091
T05,Zone E,Industrial,5,22,20.784864804842172,0,20.198333535278238,39.24543148425091,53.10441737423634
T05,Zone E,Industrial,5,23,9.07351576332547,0,10.217352489745862,53.10441737423634,-45.69902543634023
T05,Zone E,Industrial,6,0,25.98623461822614,0,24.61456092099567,-45.69902543634023,92.59840419781898
T05,Zone E,Industrial,6,1,14.653565722905874,0,12.866619991566026,92.59840419781898,-24.111533981774077
T05,Zone E,Industrial,6,2,21.021945158014884,0,19.819795631938796,-24.111533981774077,46.21955276060664
T05,Zone E,Industrial,6,3,14.000701389102009,0,13.708446173658169,46.21955276060664,-20.487889809322148
T05,Zone E,Industrial,6,4,21.607966056696192,1,23.362899128343432,-20.487889809322148,78.72099943735151
T05,Zone E,Industrial,6,5,21.76773931599338,0,21.511808754323628,78.72099943735151,66.24440812947402
T05,Zone E,Industrial,6,6,23.463613775584296,0,22.194283279037595,66.24440812947402,80.45540608102397
T05,Zone E,Industrial,6,7,29.949275366687786,0,30.30021787158349,80.45540608102397,156.87795618600884
T05,Zone E,Industrial,6,8,22.765200429261792,0,22.99922488361494,156.87795618600884,78.74960574577716
T05,Zone E,Industrial,6,9,18.83935340725773,0,20.003968397568084,78.74960574577716,49.1104552147171
T05,Zone E,Industrial,6,10,21.549994915827774,0,21.49340642692788,49.1104552147171,71.02891821824711
T05,Zone E,Industrial,6,11,23.364716022475196,0,21.600120113198148,71.02891821824711,65.52890755977145
T05,Zone E,Industrial,6,12,22.09804986012059,0,21.234166899530823,65.52890755977145,68.73899365359699
T05,Zone E,Industrial,6,13,26.73334861877433,0,26.259003176870856,68.73899365359699,120.83743624032816
T05,Zone E,Industrial,6,14,25.35305279989593,0,24.62345033008852,120.83743624032816,98.04158988725071
T05,Zone E,Industrial,6,15,22.217508602922624,0,21.06564021833585,98.04158988725071,62.9094192476712
T05,Zone E,Industrial,6,16,10.65091830233918,0,9.489134458426816,62.9094192476712,-56.52434989945067
T05,Zone E,Industrial,6,17,27.4805111671278,0,27.004522564741432,-56.52434989945067,119.07387998752174
T05,Zone E,Industrial,6,18,16.221042499208185,0,17.269749625624748,119.07387998752174,30.974531821688952
T05,Zone E,Industrial,6,19,18.13168960867915,0,17.624418198085337,30.974531821688952,25.5471959775372
T05,Zone E,Industrial,6,20,23.698265758623357,0,21.788909671116066,25.5471959775372,74.48060833542401
T05,Zone E,Industrial,6,21,19.087909322302306,0,19.11898528917732,74.48060833542401,40.74368212066596
T05,Zone E,Industrial,6,22,19.812146775102594,1,18.080945471657667,40.74368212066596,33.28414585384285
T05,Zone E,Industrial,6,23,11.330868227581659,0,11.671820917803286,33.28414585384285,-30.914431326790993
T05,Zone E,Industrial,7,0,18.661794545506034,0,19.50856532072253,-30.914431326790993,34.44951610546781
T05,Zone E,Industrial,7,1,26.05121750253438,0,25.78220095611956,34.44951610546781,104.28388008708546
T05,Zone E,Industrial,7,2,16.43913067911978,0,16.328465310562454,104.28388008708546,8.801441969048494
T05,Zone E,Industrial,7,3,23.38679760843211,0,22.611763419008387,8.801441969048494,61.582693093475655
T05,Zone E,Industrial,7,4,18.12588971689097,0,17.087345896046997,61.582693093475655,12.717079883165248
T05,Zone E,Industrial,7,5,21.260836752377877,0,20.07476752097846,12.717079883165248,47.71515826870592
T05,Zone E,Industrial,7,6,22.279520975853515,0,21.82043066563452,47.71515826870592,64.73130481052948
T05,Zone E,Industrial,7,7,28.490464531668664,0,27.625393104497537,64.73130481052948,125.77081269490091
T05,Zone E,Industrial,7,8,17.920165360263205,0,16.974419299566424,125.77081269490091,22.785423954089087
T05,Zone E,Industrial,7,9,22.616975084510077,0,22.291387727356955,22.785423954089087,67.90279217893593
T05,Zone E,Industrial,7,10,16.237823813234826,0,14.771038622619148,67.90279217893593,-4.796624508236702
T05,Zone E,Industrial,7,11,22.58258642198955,0,23.55558296732255,-4.796624508236702,80.03748053057366
T05,Zone E,Industrial,7,12,18.346053878362213,0,17.56585474924475,80.03748053057366,32.311422012642694
T05,Zone E,Industrial,7,13,18.116497850482173,1,17.910183046862844,32.311422012642694,28.56659981917229
T05,Zone E,Industrial,7,14,29.148101008580436,0,28.73841441595094,28.56659981917229,140.9457549574102
T05,Zone E,Industrial,7,15,13.429270727723917,0,15.195926217015353,140.9457549574102,5.522822314460193
T05,Zone E,Industrial,7,16,10.58424895970708,0,10.211929906769157,5.522822314460193,-45.69413499711362
T05,Zone E,Industrial,7,17,24.640225355028463,0,25.183053706299138,-45.69413499711362,97.06895515929739
T05,Zone E,Industrial,7,18,16.615024307707344,0,15.84236486243652,97.06895515929739,12.57460768367825
T05,Zone E,Industrial,7,19,17.734470660096438,0,18.629194174743574,12.57460768367825,44.62806230519143
T05,Zone E,Industrial,7,20,27.61619310856129,0,28.351815105807038,44.62806230519143,142.42714560192567
T05,Zone E,Industrial,7,21,24.58983835333181,0,23.823978263245507,142.42714560192567,82.98907893444435
T05,Zone E,Industrial,7,22,23.787475746687427,0,25.15801189068414,82.98907893444435,105.05613340726138
T05,Zone E,Industrial,7,23,25.36443371496447,0,25.68987057439828,105.05613340726138,102.66445091335599
